STATE,YEAR_ST_CASE,ST_CASE,VE_TOTAL,PEDS,PERSONS,COUNTY,CITY,DAY,MONTH,YEAR,DAY_WEEK,HOUR,MINUTE,ROUTE,TWAY_ID,TWAY_ID2,LATITUDE,LONGITUD,HARM_EV,MAN_COLL,RELJCT2,TYP_INT,WRK_ZONE,REL_ROAD,LGT_COND,WEATHER,FATALS,DRUNK_DR
48,2014480347,480347,2,0,2,151,0,16,2,2014,1,14,25,8,FM 57,,32.70673889,-100.276,12,2,1,1,0,1,1,1,1,0
48,2014480349,480349,1,0,1,233,0,16,2,2014,1,1,30,3,SR-136,,35.73429444,-101.418,52,0,1,1,0,3,2,1,1,1
48,2014480350,480350,2,0,4,251,0,16,2,2014,1,14,20,8,FM 157,,32.51294167,-97.1141,12,2,1,1,0,1,1,1,1,0
48,2014480351,480351,1,0,1,439,260,16,2,2014,1,1,10,3,SR-360 ANGUS G WYNNE FWY,,32.67786944,-97.0637,24,0,5,1,0,4,2,1,1,1
48,2014480352,480352,2,0,2,29,0,17,2,2014,2,3,5,4,CR-WALZEM RD,ELM TRAIL DR,29.49623056,-98.3382,12,6,2,3,0,1,3,10,1,1
48,2014480353,480353,1,1,1,29,6090,17,2,2014,2,0,21,1,I-10,,29.440375,-98.3751,8,0,1,1,0,1,3,10,1,0
48,2014480354,480354,1,1,1,29,6090,17,2,2014,2,18,45,1,I-410 NE LOOP 410,,29.52088889,-98.396,8,0,1,1,0,1,3,10,1,0
48,2014480355,480355,1,0,1,201,0,17,2,2014,2,20,5,4,CR-CYPRESSWOOD DR,,30.04756389,-95.348,33,0,1,1,0,4,3,1,1,0
48,2014480356,480356,1,0,1,251,3593,17,2,2014,2,4,0,8,FM 3136,,32.39003889,-97.282,59,0,1,1,0,4,2,5,1,0
48,2014480357,480357,1,1,1,361,5952,17,2,2014,2,20,27,1,I-10,,30.10666111,-94.0537,8,0,1,1,0,1,2,1,1,0
48,2014480358,480358,2,0,2,423,0,17,2,2014,2,17,56,2,US-271,,32.48638611,-95.0402,12,2,1,1,0,1,1,1,2,0
48,2014480359,480359,1,1,1,29,6090,18,2,2014,3,17,46,5,KNOLL KREST,,29.36885556,-98.609,8,0,1,1,0,1,1,1,1,0
48,2014480360,480360,2,0,2,215,4197,18,2,2014,3,18,48,8,FM 2220 WARE RD,COVINA AVE,26.17199722,-98.2672,12,6,2,3,0,1,3,1,1,0
48,2014480361,480361,1,0,2,409,0,18,2,2014,3,21,33,2,US-77,,28.06978889,-97.4876,25,0,1,1,1,3,2,1,1,0
48,2014480363,480363,2,0,2,117,0,19,2,2014,4,8,40,8,FM1058 HARRISON HWY,,34.82360278,-102.538,12,1,1,1,0,1,1,1,1,0
48,2014480364,480364,2,0,6,441,30,19,2,2014,4,21,3,7,I-20,,32.43783889,-99.6364,12,2,5,1,0,1,3,1,1,0
48,2014480365,480365,1,0,1,457,0,19,2,2014,4,5,59,8,FM1943,,30.61897778,-94.4273,11,0,1,1,0,1,2,5,1,0
48,2014480366,480366,2,0,2,201,3280,20,2,2014,5,2,3,1,I-10 EAST FWY,,29.77375556,-95.2369,25,0,1,1,0,3,2,10,1,1
48,2014480367,480367,1,1,2,201,5230,20,2,2014,5,9,58,5,PRESTON RD,,29.67193611,-95.1724,8,0,1,1,0,1,1,1,1,0
48,2014480368,480368,2,0,4,223,0,20,2,2014,5,13,19,3,SR-19/154,,33.22819444,-95.5859,12,2,1,1,0,1,1,1,2,0
48,2014480369,480369,1,1,1,439,2450,20,2,2014,5,20,47,7,I-35W SOUTH FWY,,32.65989167,-97.3217,8,0,1,1,0,1,2,1,1,0
48,2014480370,480370,1,1,1,453,330,20,2,2014,5,19,15,8,FM969 MLK BLVD,,30.284925,-97.6611,8,0,1,1,0,1,2,1,1,0
48,2014480371,480371,2,0,2,175,0,21,2,2014,6,6,15,2,US-59,BOWERS RD,28.53218611,-97.5881,12,1,2,2,0,1,2,1,1,0
48,2014480372,480372,3,0,3,491,0,21,2,2014,6,6,40,2,US-183,,30.75948056,-97.8767,12,1,8,1,0,1,4,1,1,0
48,2014480373,480373,2,0,2,475,0,22,2,2014,7,7,0,3,SR-18,,31.62668056,-102.953,12,2,1,1,0,1,4,1,1,0
48,2014480374,480374,1,0,2,355,1550,22,2,2014,7,20,34,5,LANTANA ST,,27.79206944,-97.4704,32,0,1,1,0,4,3,10,1,1
48,2014480375,480375,2,0,1,453,330,22,2,2014,7,18,28,5,LYNRIDGE DR,,30.31711111,-97.6648,1,0,1,1,0,1,1,1,1,0
48,2014480376,480376,1,0,1,469,0,22,2,2014,7,23,22,8,FM 447,,28.90620833,-97.1232,1,0,1,1,0,1,2,10,1,1
48,2014480377,480377,2,0,2,201,0,23,2,2014,1,14,46,4,CR-FRANZ RD,,29.801775,-95.7846,12,98,8,1,0,1,1,1,1,0
48,2014480378,480378,1,1,1,423,7070,23,2,2014,1,21,25,3,SR-155,,32.33091944,-95.3119,8,0,1,1,0,1,3,1,1,0
48,2014480379,480379,1,0,2,29,6090,24,2,2014,2,2,25,5,MARTIN LUTHER KING DR,,29.41329167,-98.4321,21,0,1,1,0,3,3,10,1,1
48,2014480380,480380,1,1,1,215,7330,24,2,2014,2,19,21,5,MARTHA,,26.17623611,-97.989,9,0,1,1,0,1,2,1,1,0
48,2014480381,480381,1,0,1,361,5100,24,2,2014,2,5,25,1,I-10,,30.11475,-93.8168,30,0,1,1,0,4,3,10,1,0
48,2014480382,480382,2,0,4,13,0,23,1,2014,5,20,43,3,SR-97,,28.97743056,-98.468,12,1,1,1,0,1,2,1,1,0
48,2014480383,480383,1,0,1,123,1670,7,2,2014,6,4,5,5,LIVE OAK ST,,29.09337222,-97.2917,30,0,1,1,0,4,2,1,1,1
48,2014480384,480384,1,0,1,47,0,12,2,2014,4,5,26,2,US-281,,26.887,-98.1362,1,0,1,1,1,4,2,6,1,0
48,2014480385,480385,2,0,2,439,2450,14,2,2014,6,19,18,8,FM 157/COLLINS ST,CR-CALLOWAY CEMETARY RD,32.81093889,-97.0995,12,1,3,3,0,1,3,1,1,1
48,2014480386,480386,1,0,6,29,6090,16,2,2014,1,17,50,7,I-410/LOOP 410,,29.34827222,-98.6277,1,0,1,1,0,1,1,1,2,1
48,2014480387,480387,1,1,1,41,970,17,2,2014,2,17,1,8,FM 158/WILLIAM JOEL BRYAN RD,,30.67523333,-96.379,8,0,1,1,0,1,1,1,1,0
48,2014480388,480388,1,1,5,5,4160,22,2,2014,7,18,53,8,BU 59/TIMBERLAND DR,SP-278/DENMAN AVE,31.33049722,-94.7229,8,0,3,2,0,1,3,1,1,0
48,2014480389,480389,2,0,4,311,0,22,2,2014,7,6,3,3,SR-72,,28.46822222,-98.6044,12,2,1,1,0,1,2,1,3,0
48,2014480390,480390,2,1,2,201,0,23,2,2014,1,1,27,3,SR-6,,29.867575,-95.6457,8,0,1,1,0,1,2,2,1,0
48,2014480391,480391,2,0,2,393,0,25,2,2014,3,6,45,3,SR-70,,35.86776389,-100.878,12,2,1,1,0,1,2,1,2,0
48,2014480392,480392,1,1,1,201,3280,26,2,2014,4,23,20,1,I-10,,29.77779444,-95.2865,8,0,1,1,0,1,3,10,1,0
48,2014480393,480393,1,0,2,29,0,27,2,2014,5,1,28,2,US-181,KILOWATT RD,29.27408889,-98.3199,30,0,3,2,0,4,2,1,1,0
48,2014480394,480394,2,0,3,287,0,27,2,2014,5,7,11,2,US-290,,30.17046944,-96.8647,12,1,8,1,0,1,1,1,1,0
48,2014480395,480395,1,1,1,135,5030,30,1,2014,5,23,27,3,SR-191 42ND ST,SR-385 ANDREWS HWY,31.88238889,-102.385,8,0,2,2,0,1,3,1,1,0
48,2014480397,480397,2,0,3,201,0,7,2,2014,6,2,15,8,FM1960,,29.91897778,-95.611,12,2,8,1,0,1,3,1,2,2
48,2014480398,480398,1,0,6,355,1550,1,1,2014,4,1,40,3,SR-286 CROSSTOWN EXPY,,27.74926111,-97.4231,1,0,1,1,0,1,3,2,1,1
48,2014480399,480399,1,1,2,355,1550,14,2,2014,6,18,36,3,SR-358,,27.72657222,-97.4087,8,0,1,1,0,1,3,1,1,0
48,2014480400,480400,2,0,2,409,0,16,2,2014,1,1,30,3,SR-359,,28.064875,-97.8455,12,2,1,1,0,1,2,5,1,1
48,2014480401,480401,1,0,2,339,0,18,2,2014,3,11,22,4,CR-OLD HOUSTON RD,,30.20943056,-95.3047,52,0,1,1,0,4,1,1,1,0
48,2014480402,480402,2,0,3,219,0,19,2,2014,4,20,20,2,US-385,FM1585,33.50168056,-102.376,12,1,3,2,0,1,2,1,1,0
48,2014480403,480403,1,1,1,329,0,19,2,2014,4,18,34,4,CR-122 COPPER ST,CR-1311 CHESTNUT DR,31.90265278,-102.267,9,0,2,2,0,1,1,1,1,0
48,2014480404,480404,2,0,2,29,6090,20,2,2014,5,8,16,8,FM78 SEGUIN RD,,29.48091667,-98.3595,12,6,8,1,0,1,1,1,1,0
48,2014480405,480405,2,0,3,177,2720,20,2,2014,5,17,6,8,UA90 SARAH DEWITT DR,US-183 WATER ST,29.51520278,-97.463,12,6,2,2,0,1,1,1,1,0
48,2014480406,480406,1,1,1,27,0,21,2,2014,6,19,50,2,US-190,BU190F,31.03430278,-97.3162,8,0,2,2,0,1,2,1,1,0
48,2014480407,480407,1,0,1,157,488,21,2,2014,6,21,39,8,SL540 AVE F,,29.49408056,-95.9232,1,0,1,1,0,4,3,1,1,0
48,2014480408,480408,2,0,2,205,0,21,2,2014,6,22,20,2,US-54,,35.75857778,-102.882,12,1,98,98,1,1,2,1,1,0
48,2014480409,480409,1,1,1,339,4999,21,2,2014,6,5,30,1,I-45,,30.156425,-95.4494,8,0,1,1,0,1,3,1,1,0
48,2014480410,480410,2,0,4,427,0,21,2,2014,6,16,0,2,US-83,,26.38747222,-98.9085,12,6,1,1,0,1,1,1,1,0
48,2014480411,480411,2,0,2,39,3800,22,2,2014,7,16,54,3,SR-288,,29.05996667,-95.4543,14,0,19,1,0,2,1,10,1,0
48,2014480412,480412,1,0,2,113,1730,22,2,2014,7,1,20,5,CEDAR CREST BLVD,,32.74775833,-96.7858,33,0,1,1,1,4,3,1,1,1
48,2014480413,480413,1,0,2,39,5973,23,2,2014,1,15,30,8,FM 1462,CR-771 HORNBUCKLE,29.35405,-95.4543,1,0,3,3,0,1,1,1,1,0
48,2014480414,480414,2,0,4,113,2010,23,2,2014,1,17,19,5,CENTER ST,PEACH ST,32.65176389,-96.9132,12,6,2,2,0,1,1,10,1,0
48,2014480415,480415,1,0,2,275,0,23,2,2014,1,12,50,8,FM 2279,,33.40352778,-99.9369,43,0,1,1,0,4,1,1,1,1
48,2014480416,480416,1,0,3,329,0,23,2,2014,1,5,59,8,SL 250,,32.05678333,-102.026,33,0,1,1,0,4,3,1,1,1
48,2014480417,480417,1,0,1,409,0,23,2,2014,1,5,47,2,US-77,,27.98567778,-97.551,42,0,1,1,0,4,3,5,1,0
48,2014480418,480418,1,0,2,471,0,23,2,2014,1,17,51,8,FM 1375,,30.56939167,-95.4507,42,0,1,1,0,4,1,1,2,1
48,2014480419,480419,1,0,1,71,0,24,2,2014,2,20,45,8,FM 565,,29.83289167,-94.8043,1,0,1,1,0,4,2,10,1,1
48,2014480420,480420,2,0,3,103,0,24,2,2014,2,7,23,8,FM 1233,,31.47184167,-102.72,12,8,1,1,0,1,1,1,2,1
48,2014480421,480421,1,0,2,113,1730,24,2,2014,2,3,17,7,I-635,,32.9166,-96.7422,33,0,1,1,0,10,3,1,2,1
48,2014480422,480422,1,0,1,113,5730,24,2,2014,2,23,45,7,US-75 CENTRAL EXPY,,32.95999444,-96.7279,59,0,1,1,0,10,3,10,1,0
48,2014480423,480423,2,0,2,141,7209,24,2,2014,2,20,46,1,I-10,,31.947725,-106.583,12,2,1,1,0,1,2,1,2,1
48,2014480424,480424,2,0,2,207,0,24,2,2014,2,5,22,3,SR-6,,33.35359167,-99.8503,12,1,1,1,0,1,2,10,1,0
48,2014480425,480425,1,1,1,215,0,24,2,2014,2,19,35,3,SR-364 LA HOMA RD,,26.27766944,-98.3544,8,0,1,1,0,1,2,1,1,0
48,2014480426,480426,2,0,2,157,0,25,2,2014,3,6,15,4,CR-FALCON PARK DR,,29.76145556,-95.786,12,1,1,1,0,1,2,5,1,0
48,2014480428,480428,1,0,1,355,1550,25,2,2014,3,4,12,7,SR-358 PADRE ISLAND DR,,27.67896111,-97.3097,33,0,1,1,0,4,3,5,1,1
48,2014480429,480429,1,0,1,501,0,25,2,2014,3,21,29,3,SR-83,,32.96441389,-102.884,1,0,1,1,0,4,2,1,1,1
48,2014480430,480430,1,0,1,39,0,26,2,2014,4,6,41,8,FM521,,29.1861,-95.492,3,0,1,1,0,4,2,2,1,0
48,2014480431,480431,1,0,1,423,0,26,2,2014,4,18,50,8,FM850,,32.30603611,-95.0694,35,0,1,1,0,4,5,1,1,1
48,2014480432,480432,2,0,5,113,1730,27,2,2014,5,10,35,3,SR-352,PRAIRIE CREEK RD,32.76340278,-96.6654,12,6,2,4,0,1,1,1,1,0
48,2014480433,480433,1,1,1,487,0,27,2,2014,5,19,5,2,US-287,,34.07138333,-99.0121,8,0,1,1,0,1,2,1,1,0
48,2014480434,480434,2,0,2,147,760,28,2,2014,6,16,23,7,US-82/SS18 THOMAS L HAYES BLVD,SR-121,33.60559722,-96.192,12,6,2,2,0,1,1,1,1,0
48,2014480435,480435,2,0,2,157,488,28,2,2014,6,3,2,2,US-59,,29.49521389,-95.9106,12,2,1,1,0,1,2,10,1,1
48,2014480436,480436,1,0,1,181,0,28,2,2014,6,15,24,3,SR-56,,33.63175556,-96.8019,38,0,1,1,0,4,1,1,1,0
48,2014480437,480437,2,0,2,287,0,28,2,2014,6,11,45,3,SR-21,FM1624,30.27169167,-96.9651,12,6,2,2,0,1,1,1,1,0
48,2014480438,480438,1,0,1,373,0,28,2,2014,6,10,8,8,FM1988,,30.65892222,-94.9782,42,0,1,1,0,4,1,2,1,0
48,2014480439,480439,1,0,1,459,0,28,2,2014,6,3,35,3,SR-300,,32.63475278,-94.8537,32,0,1,1,0,4,2,1,1,1
48,2014480440,480440,1,0,1,201,0,10,1,2014,6,2,10,4,CR-BARKER CYPRESS RD,,29.933625,-95.683,30,0,1,1,0,4,2,2,1,1
48,2014480441,480441,3,0,3,113,387,14,2,2014,6,12,10,1,I-635,,32.721,-96.6162,43,0,1,1,0,3,1,1,2,0
48,2014480442,480442,1,0,1,507,0,16,2,2014,1,19,56,8,FM 140,,29.04626667,-99.4392,1,0,1,1,0,4,2,1,1,1
48,2014480443,480443,3,0,6,213,2938,20,2,2014,5,16,29,3,SR-334,,32.33095556,-96.1615,33,0,1,1,0,4,1,1,2,0
48,2014480444,480444,1,1,2,375,150,22,2,2014,7,18,10,2,US-60,HAYES ST,35.22202778,-101.824,8,0,3,2,0,1,1,1,1,0
48,2014480445,480445,1,0,1,423,0,22,2,2014,7,17,35,4,CR-3178,,32.39060833,-95.2476,1,0,1,1,0,4,5,1,1,1
48,2014480446,480446,1,0,1,229,0,23,2,2014,1,7,35,1,I-10,,31.09446667,-105.076,52,0,1,1,0,4,1,1,1,0
48,2014480447,480447,1,1,1,135,5030,27,2,2014,5,15,58,8,FM 1862,,31.81846944,-102.382,8,0,18,1,0,1,1,1,1,0
48,2014480448,480448,2,0,3,365,1200,27,2,2014,5,9,57,3,SR-149,BALLPARK RD,32.13600278,-94.3495,12,1,2,3,0,1,1,1,1,0
48,2014480449,480449,2,0,2,469,7190,27,2,2014,5,2,41,8,BS 59,BEN WILSON ST,28.81193889,-96.9745,12,6,2,2,0,1,3,10,1,1
48,2014480450,480450,5,0,5,113,4530,13,2,2014,5,6,34,1,I-635,,32.82816667,-96.6307,12,1,1,1,0,1,3,1,1,0
48,2014480451,480451,1,0,2,231,2860,13,2,2014,5,14,30,8,FM 1570/JACK FINNEY BLVD,,33.09583056,-96.0862,5,0,1,1,0,1,1,1,1,0
48,2014480452,480452,1,1,1,329,0,15,2,2014,7,4,0,1,I-20,,31.87655278,-102.283,8,0,1,1,0,1,2,1,1,0
48,2014480453,480453,1,1,1,277,5220,15,2,2014,7,22,1,2,US-271/MAIN ST,,33.68787778,-95.5541,8,0,1,1,0,1,2,1,1,0
48,2014480454,480454,2,0,4,375,0,15,2,2014,7,11,47,8,RM 1061/TASCOSA RD,,35.29476111,-102.067,12,2,1,1,0,4,1,10,1,0
48,2014480455,480455,1,0,9,47,0,25,2,2014,3,3,32,8,FM 2191/1418,,27.2574,-98.1196,31,0,1,1,0,4,2,5,1,0
48,2014480456,480456,1,0,2,201,3280,26,2,2014,4,13,11,1,I-610/NORTH LP E,,29.81168056,-95.3473,20,0,19,1,0,8,1,10,1,0
48,2014480457,480457,2,0,3,31,0,28,2,2014,6,11,12,2,US-290,,30.24355,-98.5648,12,2,1,1,0,1,1,1,2,0
48,2014480458,480458,3,0,5,57,0,1,3,2014,7,5,27,3,SR-35,,28.66815833,-96.5718,12,1,1,1,0,1,2,5,1,1
48,2014480459,480459,2,0,2,91,4870,1,3,2014,7,7,53,3,SR-46/STATE LOOP 337,SUMMERWOOD DR,29.71444722,-98.1031,12,6,2,2,0,1,4,5,1,0
48,2014480460,480460,1,15,1,113,1730,1,3,2014,7,8,58,5,SECOND AVE,,32.76655556,-96.751,10,0,6,1,0,1,1,1,1,0
48,2014480461,480461,2,1,2,201,0,1,3,2014,7,6,25,4,CR-STUEBNER AIRLINE,,29.98839167,-95.4988,8,0,1,1,0,1,4,1,1,0
48,2014480462,480462,3,0,5,229,0,1,3,2014,7,16,37,1,I-10,,31.194625,-105.439,12,98,1,1,0,1,1,1,1,0
48,2014480463,480463,2,0,3,249,0,1,3,2014,7,7,58,3,SR-359,FM 2044,27.84742778,-98.0083,12,6,2,2,0,1,4,5,1,0
48,2014480464,480464,2,0,2,329,9997,1,3,2014,7,4,23,7,I-20,,31.88798333,-102.26,12,2,1,1,0,1,3,1,1,1
48,2014480465,480465,1,0,1,423,0,1,3,2014,7,16,25,4,CR-21,,32.32988056,-95.0994,1,0,1,1,0,4,1,10,1,1
48,2014480466,480466,1,1,3,201,0,2,3,2014,1,19,48,8,FM 529,,29.87979167,-95.697,15,0,1,1,0,11,2,10,1,0
48,2014480467,480467,2,0,5,369,2325,2,3,2014,1,20,20,2,US-70/84,,34.38873333,-103.035,12,6,1,1,0,1,2,1,1,0
48,2014480468,480468,2,1,1,439,260,2,3,2014,1,12,31,2,US-287,,32.6687,-97.2048,12,98,20,1,0,1,1,3,1,0
48,2014480469,480469,1,0,2,453,0,2,3,2014,1,3,44,4,CR-CAMERON RD,,30.38321111,-97.6025,30,0,1,1,0,4,2,1,1,1
48,2014480470,480470,1,1,2,453,330,2,3,2014,1,2,17,8,SL 1,,30.32061389,-97.7557,8,0,1,1,0,1,3,1,1,0
48,2014480471,480471,2,0,2,459,0,2,3,2014,1,15,43,2,US-80,,32.5841,-95.1434,12,6,1,1,0,1,1,3,1,0
48,2014480472,480472,1,0,1,37,0,3,3,2014,2,6,10,1,I-30,,33.47541389,-94.2602,42,0,1,1,0,4,2,3,1,0
48,2014480473,480473,1,0,1,111,0,3,3,2014,2,20,52,2,US-87,,36.32795556,-102.952,1,0,1,1,0,3,2,1,1,0
48,2014480474,480474,1,1,1,113,3880,3,3,2014,2,19,58,5,PLEASANT RUN RD,,32.60390556,-96.7355,8,0,1,1,0,1,2,1,1,0
48,2014480475,480475,1,0,1,231,0,3,3,2014,2,10,22,3,SR-34,,33.33012222,-96.0905,1,0,1,1,0,4,1,10,1,1
48,2014480476,480476,1,0,1,303,0,3,3,2014,2,1,29,4,CR-2200,,33.460025,-101.87,1,0,1,1,0,4,2,1,1,1
48,2014480477,480477,2,0,2,329,0,3,3,2014,2,9,5,4,CR-WEST INDUSTRIAL AVE,WEST INDUSTRIAL LOOP,31.97779722,-102.108,12,6,2,3,0,1,1,1,1,0
48,2014480478,480478,3,0,4,365,0,3,3,2014,2,21,0,2,US-59,,32.01235833,-94.2565,12,2,1,1,0,1,2,10,2,2
48,2014480479,480479,1,1,2,439,260,3,3,2014,2,15,1,1,I-20,,32.66841111,-97.2276,8,0,1,1,0,1,1,1,1,0
48,2014480480,480480,2,0,2,145,0,4,3,2014,3,20,21,8,FM 147,,31.39776944,-96.7382,12,2,1,1,0,1,2,1,1,1
48,2014480481,480481,2,0,2,183,0,4,3,2014,3,23,38,3,SR-31,,32.38047778,-94.955,12,2,1,1,0,1,2,1,1,0
48,2014480482,480482,2,0,2,201,3280,4,3,2014,3,9,8,5,LEY RD,ROUNDHOUSE LN,29.83079167,-95.2556,12,6,2,2,0,1,1,2,1,0
48,2014480483,480483,1,1,1,251,0,4,3,2014,3,19,35,8,FM 4,,32.30669722,-97.2577,8,0,1,1,0,1,2,1,1,0
48,2014480484,480484,1,0,1,29,6090,5,3,2014,4,3,45,1,I-410,I-10,29.50203056,-98.5488,24,0,19,1,0,4,3,1,1,0
48,2014480485,480485,1,0,2,109,0,5,3,2014,4,17,16,1,I-10,,31.05726389,-104.559,1,0,1,1,0,3,1,1,1,0
48,2014480486,480486,2,0,2,333,0,5,3,2014,4,7,34,2,US-84,,31.64183611,-98.7421,12,2,1,1,0,1,1,10,2,0
48,2014480487,480487,1,0,1,3,0,6,3,2014,5,7,7,8,FM 1788,,32.512175,-102.51,38,0,1,1,0,4,2,1,1,0
48,2014480488,480488,1,0,1,113,6260,6,3,2014,5,5,15,5,HALL ST,,32.65183611,-96.5435,42,0,1,1,0,4,2,1,1,1
48,2014480489,480489,2,0,2,135,0,6,3,2014,5,13,20,8,FM 866,,31.77123333,-102.544,12,6,1,1,0,1,1,1,1,0
48,2014480490,480490,2,0,3,161,0,6,3,2014,5,23,43,1,I-45,,31.813875,-96.2725,12,1,1,1,0,1,2,10,2,0
48,2014480491,480491,1,1,2,201,0,6,3,2014,5,0,15,4,CR-KUYKENDAHL RD,,30.00259444,-95.4601,8,0,1,1,0,1,3,10,1,1
48,2014480492,480492,2,1,3,201,3280,6,3,2014,5,12,47,5,JENSEN DR,,29.76088889,-95.344,12,7,1,1,0,1,1,1,1,0
48,2014480493,480493,1,0,1,239,0,6,3,2014,5,7,42,2,US-59,,29.07270833,-96.4658,35,0,1,1,0,3,2,10,1,0
48,2014480494,480494,1,0,1,475,0,6,3,2014,5,4,15,4,CR-COLORADO ST,,31.53504722,-102.916,30,0,1,1,0,4,2,1,1,0
48,2014480495,480495,2,0,2,491,0,6,3,2014,5,18,40,3,SR-29,JACK NICKLAUS DR,30.63638889,-97.7929,12,6,2,3,0,1,3,1,1,0
48,2014480496,480496,1,1,1,29,6090,7,3,2014,6,19,30,5,ASHLEY RD,LEAH DR,29.33409167,-98.4893,8,0,2,2,0,1,3,1,1,0
48,2014480497,480497,2,0,4,29,6090,7,3,2014,6,5,22,1,I-410,,29.49638056,-98.5518,24,0,1,1,0,3,3,1,2,0
48,2014480498,480498,1,0,1,139,0,7,3,2014,6,2,40,8,FM66,,32.35943333,-96.8973,1,0,1,1,0,4,2,1,1,1
48,2014480499,480499,2,0,2,201,480,7,3,2014,6,21,46,7,I-10,,29.81941111,-94.9239,12,2,1,1,0,1,2,1,1,0
48,2014480500,480500,1,0,2,215,2110,7,3,2014,6,4,42,5,SUGAR RD,FREDDY GONZALEZ DR,26.28921111,-98.1808,33,0,3,2,0,4,3,1,2,1
48,2014480501,480501,1,0,1,217,0,7,3,2014,6,18,37,7,I-35,,31.8559,-97.0842,20,0,5,1,1,8,1,1,1,1
48,2014480502,480502,1,0,2,257,0,7,3,2014,6,12,8,3,SR-34,,32.64778056,-96.2649,42,0,1,1,0,4,1,1,1,0
48,2014480503,480503,1,0,1,293,0,7,3,2014,6,1,49,2,US-84,,31.64563889,-96.8407,24,0,1,1,0,4,2,10,1,1
48,2014480504,480504,2,0,2,309,0,7,3,2014,6,22,57,1,I-35,,31.67435,-97.0995,12,1,1,1,1,1,2,1,1,0
48,2014480505,480505,1,0,1,439,3347,7,3,2014,6,13,50,1,I-820 RAMP,,32.82881944,-97.2055,1,0,5,1,1,1,1,1,1,1
48,2014480506,480506,1,0,5,27,3690,8,3,2014,7,2,41,5,BECKER RD,,31.09875,-97.7124,53,0,1,1,0,4,3,10,1,0
48,2014480507,480507,3,0,4,97,2550,8,3,2014,7,11,46,2,US-82,,33.64326111,-97.1153,24,0,1,1,0,4,1,2,1,0
48,2014480508,480508,1,1,2,113,2310,8,3,2014,7,21,14,1,I-635/LBJ FWY,,32.90736389,-96.9187,9,0,1,1,0,1,2,1,1,0
48,2014480509,480509,2,1,2,113,1730,8,3,2014,7,14,5,1,I-635/LYNDON B JOHNSON FWY,,32.924025,-96.759,8,0,1,1,0,1,1,10,1,0
48,2014480510,480510,1,0,1,139,7270,8,3,2014,7,11,44,1,I-35,,32.40731944,-96.8728,35,0,1,1,0,3,1,98,1,1
48,2014480511,480511,1,1,0,141,2190,8,3,2014,7,7,28,5,GLENWOOD ST,LAS BRISAS CIR,31.75555833,-106.421,8,0,8,1,0,1,1,1,1,0
48,2014480512,480512,1,0,4,177,0,8,3,2014,7,17,1,2,US-90/UA-90,,29.53068611,-97.7133,42,0,1,1,0,4,1,2,2,0
48,2014480513,480513,1,0,2,257,0,8,3,2014,7,0,51,4,CR-279,,32.64960556,-96.2919,1,0,1,1,0,4,2,1,1,1
48,2014480514,480514,2,0,2,375,0,8,3,2014,7,20,5,1,I-40,,35.18998611,-102.004,12,2,5,1,0,1,2,1,2,1
48,2014480515,480515,2,0,3,453,0,8,3,2014,7,21,35,4,CR-ROSS RD,,30.17784444,-97.6159,12,6,1,1,0,1,2,2,1,1
48,2014480516,480516,2,0,4,201,0,9,3,2014,1,0,22,8,FM 1960,LAKE HOUSTON PKWY,29.99853611,-95.1623,12,6,2,2,0,1,2,2,1,1
48,2014480517,480517,2,0,2,205,3036,9,3,2014,1,18,12,2,US-87 BROAD ST,,35.89828333,-102.404,12,6,1,1,0,1,1,1,1,0
48,2014480518,480518,1,0,2,231,0,9,3,2014,1,19,40,4,CR-4205,,33.16732222,-95.9652,34,0,1,1,0,4,2,1,1,0
48,2014480519,480519,2,0,4,399,0,9,3,2014,1,6,29,2,US-67,,31.79906944,-99.7894,12,8,1,1,0,1,4,1,2,1
48,2014480520,480520,2,0,2,439,2255,9,3,2014,1,5,11,5,WESTPARK WAY,PIPELINE RD,32.82211111,-97.1229,12,6,2,2,0,1,3,1,1,1
48,2014480521,480521,2,0,2,439,2850,9,3,2014,1,4,2,1,I-635 LBJ FWY,,32.94595833,-97.0397,12,2,1,1,0,1,2,10,1,1