STATE,YEAR_ST_CASE,ST_CASE,VE_TOTAL,PEDS,PERSONS,COUNTY,CITY,DAY,MONTH,YEAR,DAY_WEEK,HOUR,MINUTE,ROUTE,TWAY_ID,TWAY_ID2,LATITUDE,LONGITUD,HARM_EV,MAN_COLL,RELJCT2,TYP_INT,WRK_ZONE,REL_ROAD,LGT_COND,WEATHER,FATALS,DRUNK_DR
48,2014480522,480522,2,0,5,467,0,9,3,2014,1,17,10,3,SR-19 TRADEDAYS BLVD,,32.64655556,-95.8435,12,8,1,1,0,2,1,1,1,0
48,2014480523,480523,1,1,2,1,0,10,3,2014,2,12,37,2,US-287/SR-19 CROCKETT RD,,31.71896111,-95.5926,8,0,1,1,0,1,1,1,1,0
48,2014480524,480524,1,1,1,113,1730,10,3,2014,2,6,30,3,SR-180 DAVIS ST,,32.74951667,-96.8705,8,0,1,1,0,1,2,10,1,0
48,2014480525,480525,1,1,1,139,3430,10,3,2014,2,17,12,1,I-35E,,32.18371111,-96.9052,8,0,1,1,0,2,1,1,1,0
48,2014480526,480526,1,0,1,291,0,10,3,2014,2,6,10,4,CR-605 SLEW RD,CR-611 HAMEL RD,30.02893889,-94.9928,34,0,3,3,0,4,2,5,1,0
48,2014480527,480527,3,0,9,339,0,10,3,2014,2,13,51,7,I-45,,30.207,-95.4564,12,7,1,1,1,1,1,1,1,0
48,2014480528,480528,1,0,3,355,0,10,3,2014,2,16,23,8,FM70,,27.58438056,-97.6267,34,0,1,1,0,4,1,2,1,0
48,2014480530,480530,2,0,4,27,3690,11,3,2014,3,18,53,8,FM 439 RANCIER AVE,CROCKETT DR,31.12202778,-97.7125,12,6,2,3,0,1,1,1,1,0
48,2014480531,480531,2,0,2,113,1730,11,3,2014,3,11,40,5,MARTIN LUTHER KING JR BLVD,,32.75803889,-96.7799,12,6,1,1,0,1,1,1,1,1
48,2014480532,480532,1,0,1,201,0,11,3,2014,3,4,15,5,TELGE RD,,29.90961389,-95.649,1,0,1,1,0,1,2,10,1,1
48,2014480533,480533,2,0,2,277,0,11,3,2014,3,14,4,2,US-82,,33.60025278,-95.8405,12,2,1,1,0,1,1,1,1,0
48,2014480534,480534,1,0,4,329,4560,11,3,2014,3,22,16,3,SR-191,,31.98558889,-102.205,1,0,1,1,0,3,2,10,1,0
48,2014480535,480535,2,0,2,355,1550,11,3,2014,3,20,32,3,SR-357,,27.68621389,-97.3855,12,1,8,1,0,1,3,1,1,0
48,2014480536,480536,1,0,1,409,0,11,3,2014,3,21,58,4,CR-325,,28.13159167,-97.8599,43,0,1,1,0,4,2,10,1,1
48,2014480537,480537,1,0,2,409,0,11,3,2014,3,23,37,3,SR-188,,28.04452778,-97.2731,18,0,1,1,0,1,2,1,1,0
48,2014480538,480538,1,0,1,499,4610,11,3,2014,3,15,59,2,US-80,,32.65944167,-95.4735,1,0,1,1,0,1,1,1,1,0
48,2014480539,480539,1,0,1,85,1535,12,3,2014,4,21,58,8,FM 1778,,33.08025,-96.4071,30,0,1,1,0,4,2,1,1,0
48,2014480540,480540,2,0,2,201,3280,12,3,2014,4,0,6,7,I-45,,29.89802778,-95.4119,21,0,19,1,0,10,3,1,1,1
48,2014480541,480541,1,0,4,265,0,12,3,2014,4,8,37,1,I-10,,30.20385833,-99.3795,1,0,1,1,0,3,1,6,2,0
48,2014480542,480542,1,0,1,339,0,12,3,2014,4,14,43,8,FM1097,CR-CEDAR HILL RD,30.43683889,-95.6399,1,0,3,3,0,1,1,1,1,0
48,2014480543,480543,1,0,1,339,4265,12,3,2014,4,10,50,8,FM1774,,30.22549167,-95.8012,1,0,1,1,0,4,1,1,1,0
48,2014480544,480544,2,0,2,453,330,12,3,2014,4,17,18,8,FM969 MLK JR BLVD,,30.28553889,-97.6845,12,1,8,1,0,1,1,1,1,0
48,2014480545,480545,1,0,6,29,6090,13,3,2014,5,17,28,1,I-35,,29.57073611,-98.3299,25,0,1,1,0,3,1,1,2,0
48,2014480546,480546,2,0,3,121,1190,13,3,2014,5,19,33,1,I-35E,,32.99235833,-96.9459,12,1,1,1,0,1,1,1,1,0
48,2014480547,480547,2,0,2,251,1030,13,3,2014,5,11,55,5,DOBSON ST,,32.51578056,-97.3175,12,2,1,1,0,1,1,1,1,0
48,2014480548,480548,1,0,1,23,0,14,3,2014,6,4,51,2,US-277,,33.561025,-99.2889,1,0,1,1,0,4,2,1,1,1
48,2014480549,480549,2,0,3,25,0,14,3,2014,6,21,0,3,SR-359,,28.22490833,-97.7043,12,2,1,1,0,1,2,10,1,0
48,2014480550,480550,1,1,1,141,2190,14,3,2014,6,20,26,8,BU54A DYER ST,SUN VALLEY DR,31.91012222,-106.401,8,0,2,2,0,1,3,10,1,1
48,2014480551,480551,1,1,1,201,0,14,3,2014,6,1,50,1,I-10,,29.77035833,-95.1776,8,0,1,1,0,1,3,1,1,0
48,2014480552,480552,2,0,3,201,3280,14,3,2014,6,21,5,8,FM 1960/CYPRESS CREEK PKWY,,29.96520833,-95.5403,25,0,8,1,0,3,3,10,1,0
48,2014480553,480553,3,0,8,259,0,14,3,2014,6,0,38,1,I-10/US-87,,29.83921944,-98.7752,12,6,1,1,0,1,2,1,2,1
48,2014480554,480554,1,0,1,461,0,14,3,2014,6,13,33,2,US-67,,31.23665,-101.902,1,0,1,1,0,4,1,1,1,0
48,2014480555,480555,2,0,3,463,0,14,3,2014,6,20,47,2,US-90/MAIN ST,,29.28875556,-99.6627,12,2,1,1,0,1,2,10,2,1
48,2014480556,480556,1,0,2,29,6090,15,3,2014,7,2,20,1,I-410/LOOP 410,,29.43775278,-98.3907,1,0,19,1,0,4,3,1,1,1
48,2014480557,480557,2,0,6,425,0,15,3,2014,7,16,35,2,US-67,,32.15915,-97.9046,12,6,1,1,0,1,1,2,1,0
48,2014480558,480558,2,0,3,157,6660,15,3,2014,7,5,23,2,US-59/SOUTHWEST FWY,,29.58022778,-95.6488,12,1,18,1,0,1,3,10,1,1
48,2014480559,480559,2,0,4,183,7445,15,3,2014,7,10,38,2,US-80,,32.51768889,-94.8514,12,2,1,1,0,1,1,10,1,0
48,2014480560,480560,2,0,2,217,237,15,3,2014,7,2,56,8,FM 933,,31.8588,-97.2229,12,6,1,1,0,1,2,10,1,1
48,2014480561,480561,2,0,2,221,0,15,3,2014,7,16,50,8,FM 167,,32.51659444,-97.7212,12,6,1,1,0,1,1,10,1,0
48,2014480562,480562,1,0,6,229,0,15,3,2014,7,6,25,1,I-10,,31.19345,-105.529,1,0,1,1,0,1,2,1,2,0
48,2014480563,480563,1,0,8,249,0,15,3,2014,7,8,2,8,BU-281 R,FM 1930,27.69703889,-98.0783,1,0,3,3,0,4,1,5,1,0
48,2014480564,480564,1,1,1,309,7210,15,3,2014,7,8,31,5,PARK LAKE DR,,31.578425,-97.1761,8,0,1,1,0,2,1,2,1,0
48,2014480565,480565,2,0,3,311,0,15,3,2014,7,8,56,3,SR-16,,28.6145,-98.5462,12,2,1,1,0,1,1,10,1,0
48,2014480566,480566,3,0,7,339,0,15,3,2014,7,11,35,3,SR-242,,30.21198333,-95.3619,12,8,1,1,0,1,1,10,1,1
48,2014480567,480567,1,0,1,355,1550,15,3,2014,7,18,20,1,I-37,,27.86551667,-97.6227,25,0,1,1,0,3,1,1,1,0
48,2014480568,480568,1,0,1,439,2450,15,3,2014,7,2,39,1,I-30,,32.74826111,-97.3061,24,0,19,1,0,8,3,1,1,1
48,2014480569,480569,1,0,1,113,1730,16,3,2014,1,2,50,3,SR-78,,32.81619722,-96.7209,24,0,1,1,0,4,3,10,1,1
48,2014480570,480570,2,0,5,201,0,16,3,2014,1,2,30,2,US-290,,29.99974722,-95.7713,12,2,1,1,0,1,2,2,1,1
48,2014480571,480571,1,0,1,201,3280,16,3,2014,1,0,43,5,ALIEF CLODINE RD,,29.71285833,-95.6163,38,0,1,1,0,4,3,10,1,1
48,2014480572,480572,2,0,2,303,4140,16,3,2014,1,21,50,8,SL289,,33.55336667,-101.94,12,6,18,1,0,1,3,1,1,0
48,2014480573,480573,2,0,2,351,0,16,3,2014,1,17,15,8,FM363,,30.71454167,-93.7741,12,2,1,1,0,1,1,10,1,0
48,2014480574,480574,1,1,1,361,5100,16,3,2014,1,21,23,5,BLUEBONNET,,30.09452222,-93.7687,15,0,1,1,0,1,2,10,1,0
48,2014480575,480575,1,1,1,113,1730,17,3,2014,2,2,30,5,HENDERSON AVE,,32.81843056,-96.7826,15,0,1,1,0,1,3,1,1,0
48,2014480577,480577,1,0,1,277,0,17,3,2014,2,17,45,4,CR-45600,,33.82810556,-95.318,3,0,1,1,0,1,1,1,1,1
48,2014480578,480578,3,0,4,417,0,17,3,2014,2,8,6,3,SR-6,,32.62605556,-99.2225,12,1,1,1,0,2,1,1,2,0
48,2014480579,480579,1,1,5,439,260,17,3,2014,2,11,25,5,BOWEN RD,EL SALVADOR CT,32.66848333,-97.1498,9,0,1,1,0,1,1,1,1,0
48,2014480580,480580,2,0,2,469,7190,17,3,2014,2,20,42,2,US-77 ZAC LENTZ PKWY,,28.85591111,-97.0277,12,1,1,1,0,1,3,1,1,0
48,2014480581,480581,1,0,1,491,0,17,3,2014,2,21,35,3,SR-195,,30.79651111,-97.7672,38,0,1,1,1,4,2,1,1,1
48,2014480582,480582,3,0,3,29,6090,18,3,2014,3,21,56,5,LAREDO ST,,29.41437778,-98.5396,1,0,1,1,0,1,3,1,1,0
48,2014480583,480583,1,1,1,113,1730,18,3,2014,3,21,27,5,HEMLOCK AVE,,32.86880556,-96.7609,8,0,1,1,0,1,3,1,1,0
48,2014480584,480584,1,0,2,251,0,18,3,2014,3,23,59,8,FM2738 LILLIAN HWY,FM917 GEORGE RENFRO DR,32.50683611,-97.1862,1,0,3,3,0,1,2,1,1,1
48,2014480585,480585,1,0,1,257,0,18,3,2014,3,7,11,8,FM1390,,32.49375,-96.4225,1,0,1,1,0,4,2,1,1,0
48,2014480586,480586,1,0,5,285,0,18,3,2014,3,17,0,4,CR-198,,29.45936389,-96.9512,1,0,1,1,0,1,1,1,1,0
48,2014480587,480587,2,0,2,439,260,18,3,2014,3,13,41,3,SR-360,,32.72689722,-97.0624,30,0,1,1,0,3,1,1,1,0
48,2014480588,480588,2,0,4,167,6860,19,3,2014,4,17,41,8,FM1765,31ST ST,29.3825,-94.9407,12,9,3,7,0,1,1,1,1,0
48,2014480589,480589,2,1,2,201,3280,19,3,2014,4,20,25,5,YALE ST,,29.77606944,-95.3987,8,0,1,1,0,1,3,1,1,0
48,2014480590,480590,1,1,1,29,6090,20,3,2014,5,22,10,2,US-290 ROOSEVELT AVE,,29.31009444,-98.474,8,0,1,1,0,1,2,1,1,0
48,2014480591,480591,1,0,1,35,0,20,3,2014,5,18,25,8,FM 56,CR-3615,31.83125,-97.3631,59,0,3,4,0,4,1,1,1,1
48,2014480593,480593,1,0,1,123,0,20,3,2014,5,17,40,8,FM 237,,28.94719722,-97.3865,38,0,1,1,0,4,1,1,1,0
48,2014480594,480594,1,1,1,183,4080,20,3,2014,5,19,46,2,US-80,,32.50433889,-94.7141,8,0,1,1,0,1,3,10,1,0
48,2014480595,480595,2,0,2,313,0,20,3,2014,5,18,3,2,US-190/21,,30.92265833,-96.073,54,11,1,1,0,1,1,1,1,0
48,2014480596,480596,1,0,2,409,0,20,3,2014,5,1,38,4,CR-3567,,27.92147778,-97.3598,30,0,1,1,0,4,2,1,1,1
48,2014480597,480597,1,1,1,409,0,20,3,2014,5,12,54,2,US-77,,28.06588889,-97.4929,8,0,1,1,1,1,1,1,1,0
48,2014480598,480598,2,0,4,13,0,21,3,2014,6,2,25,2,US-281,,29.12523889,-98.4843,12,2,1,1,0,1,2,1,1,1
48,2014480599,480599,2,0,3,29,6090,21,3,2014,6,13,12,5,SAN PEDRO AVE,,29.49036389,-98.4993,12,2,1,1,0,1,1,1,2,1
48,2014480600,480600,2,0,2,201,3320,21,3,2014,6,13,29,7,I-69,,29.98531111,-95.2755,12,7,1,1,0,1,1,1,1,0
48,2014480601,480601,1,0,2,411,0,21,3,2014,6,19,39,8,FM1030,,31.20077778,-98.7581,38,0,1,1,0,4,1,1,1,1
48,2014480602,480602,1,0,5,1,0,22,3,2014,7,10,40,8,FM321,,31.86405,-95.77,1,0,1,1,0,1,1,5,1,0
48,2014480603,480603,1,1,1,29,6090,22,3,2014,7,1,4,5,NEW BRAUNFELS AVE,,29.35595556,-98.4485,8,0,1,1,0,1,2,1,1,0
48,2014480604,480604,3,0,9,29,6090,22,3,2014,7,23,30,1,I-35,,29.49527778,-98.4008,12,1,1,1,0,1,3,10,1,0
48,2014480605,480605,1,1,2,113,1730,22,3,2014,7,20,41,8,SL12 NORTHWEST HWY,,32.86399722,-96.7598,8,0,1,1,0,1,3,10,1,0
48,2014480606,480606,2,0,2,193,0,22,3,2014,7,17,15,3,SR-36,,31.68856944,-98.0852,12,2,1,1,0,2,1,10,2,0
48,2014480607,480607,1,0,1,193,0,22,3,2014,7,18,35,2,US-281,,31.93776667,-98.0596,1,0,1,1,1,4,1,10,1,1
48,2014480608,480608,1,1,1,201,3280,22,3,2014,7,5,40,7,I-45 GULF FWY,,29.68716667,-95.2788,8,0,1,1,0,1,2,1,1,0
48,2014480609,480609,2,0,2,339,1510,22,3,2014,7,7,56,8,FM3083,,30.35053889,-95.4641,12,2,1,1,0,1,1,10,1,1
48,2014480610,480610,2,0,5,329,4560,22,3,2014,7,17,8,7,BS349C RANKIN HWY,,31.976475,-102.075,12,6,8,1,0,1,1,1,1,1
48,2014480611,480611,1,0,7,399,0,22,3,2014,7,4,50,2,US-83,,31.81146944,-99.934,32,0,1,1,0,4,2,1,1,0
48,2014480612,480612,2,0,3,201,3280,26,2,2014,4,20,46,5,LITTLE YORK RD,ODONNELL DR,29.87007222,-95.3795,12,6,2,3,0,1,3,1,1,0
48,2014480613,480613,2,0,6,455,0,26,2,2014,4,9,23,3,SR-19,,30.86288056,-95.396,12,8,1,1,0,1,1,10,1,0
48,2014480614,480614,2,0,2,339,0,20,3,2014,5,23,14,8,FM1488,,30.22470556,-95.5393,12,7,1,1,0,1,2,1,1,1
48,2014480615,480615,1,0,1,1,5170,21,3,2014,6,2,53,8,SL256,,31.74206944,-95.6477,1,0,1,1,0,4,3,10,1,1
48,2014480616,480616,2,0,3,73,0,22,3,2014,7,22,33,3,SR-110,,32.00285556,-95.0999,12,1,1,1,0,1,2,10,1,1
48,2014480617,480617,1,0,3,21,0,23,3,2014,1,23,19,8,FM969,HOWARD LN,30.17866667,-97.4196,34,0,1,1,0,4,2,1,1,1
48,2014480618,480618,1,0,2,27,0,23,3,2014,1,9,50,8,FM436,,30.99541389,-97.3988,34,0,1,1,0,4,1,1,1,0
48,2014480619,480619,2,0,2,29,6090,23,3,2014,1,2,41,2,US-90,,29.38595,-98.683,12,2,1,1,0,1,2,1,2,2
48,2014480620,480620,2,0,5,113,1730,23,3,2014,1,20,24,8,SL12,,32.691175,-96.8342,12,1,1,1,0,1,2,1,2,0
48,2014480621,480621,2,0,3,121,1840,23,3,2014,1,23,2,8,FM 428,,33.27355278,-97.0982,12,2,1,1,0,1,2,10,1,1
48,2014480622,480622,1,0,2,201,0,23,3,2014,1,2,20,4,CR-KUYKENDAHL RD,,30.02876667,-95.4795,58,0,1,1,0,4,2,1,1,1
48,2014480623,480623,1,1,1,347,0,23,3,2014,1,21,50,2,US-259,,31.68811111,-94.6701,8,0,1,1,0,1,2,1,1,0
48,2014480624,480624,2,0,6,349,1570,23,3,2014,1,6,9,1,I-45,,32.096925,-96.4407,12,1,1,1,0,1,2,1,1,0
48,2014480625,480625,1,0,2,499,0,23,3,2014,1,16,15,3,SR-154,,32.79130556,-95.3214,35,0,1,1,0,4,1,1,1,1
48,2014480626,480626,1,0,4,29,6090,24,3,2014,2,2,14,1,I-10 RAMP,,29.39444167,-98.5105,1,0,20,1,0,1,3,1,4,1
48,2014480627,480627,1,0,1,401,0,24,3,2014,2,11,45,8,FM 225,,32.06639444,-94.801,32,0,1,1,0,4,1,1,1,0
48,2014480628,480628,1,1,1,453,330,24,3,2014,2,21,11,8,SL-275,,30.36242222,-97.6974,8,0,1,1,0,1,3,1,1,0
48,2014480629,480629,2,0,4,469,0,24,3,2014,2,19,14,2,US-87,FM 447,28.92301111,-97.0995,12,6,2,2,0,1,1,2,1,1
48,2014480630,480630,2,0,3,491,0,24,3,2014,2,21,30,3,SR-29,,30.63512778,-97.4763,12,6,1,1,0,1,2,1,1,1
48,2014480631,480631,1,0,1,29,6090,25,3,2014,3,22,18,5,SONTERRA BLVD,,29.61508333,-98.4832,33,0,1,1,0,3,3,1,1,0
48,2014480632,480632,1,0,2,73,3470,25,3,2014,3,19,25,5,LAKESHORE DR,,31.93320278,-95.2908,42,0,1,1,0,4,5,1,1,0
48,2014480633,480633,1,1,1,113,1730,25,3,2014,3,19,8,5,FERGUSON RD,HIGHLAND RD,32.80181944,-96.714,8,0,3,2,0,1,1,1,1,0
48,2014480634,480634,1,0,3,477,0,25,3,2014,3,9,32,8,FM 60,,30.35096389,-96.3472,42,0,1,1,0,4,1,1,1,0
48,2014480635,480635,2,0,4,25,0,26,3,2014,4,12,25,3,SR-359,,28.24231389,-97.6876,12,2,1,1,0,1,1,10,1,0
48,2014480636,480636,1,0,1,149,0,26,3,2014,4,6,18,1,I-10,,29.69549444,-97.1466,1,0,1,1,0,4,2,10,1,0
48,2014480637,480637,3,0,3,215,2110,26,3,2014,4,8,17,5,TRENTON RD,,26.26366111,-98.1855,12,8,1,1,0,1,1,10,1,0
48,2014480638,480638,1,0,1,303,0,26,3,2014,4,14,58,1,I-27,,33.66578056,-101.836,1,0,1,1,0,3,1,1,1,0
48,2014480639,480639,4,0,4,493,0,26,3,2014,4,8,45,3,SR-97,,29.20270833,-98.0881,12,1,1,1,0,1,1,10,1,0
48,2014480640,480640,1,0,1,39,3800,27,3,2014,5,12,41,8,FM 2004,,29.06364722,-95.4475,1,0,1,1,0,4,1,10,1,0
48,2014480641,480641,3,0,3,281,0,27,3,2014,5,6,36,2,US-183,,31.03313611,-98.1413,35,0,1,1,0,4,2,2,1,0
48,2014480642,480642,1,0,1,309,0,27,3,2014,5,23,41,4,CR-STOCKTON RD,,31.29820556,-97.3827,38,0,1,1,0,4,2,1,1,1
48,2014480643,480643,2,0,3,439,2450,27,3,2014,5,16,58,5,CENTRE STATION DR,CENTRE PORT DR,32.825,-97.0556,12,6,2,2,0,1,1,1,1,0
48,2014480644,480644,1,0,1,135,0,29,3,2014,7,20,50,8,BI20E,,31.82008889,-102.415,1,0,1,1,0,3,2,1,1,1
48,2014480645,480645,1,0,4,139,7270,29,3,2014,7,15,23,2,US-287,,32.42499167,-96.8581,1,0,5,1,0,10,1,1,1,0
48,2014480646,480646,1,0,2,201,0,29,3,2014,7,1,55,7,I-45,,29.97545556,-95.4219,33,0,1,1,0,4,2,1,1,1
48,2014480647,480647,1,0,2,225,0,29,3,2014,7,5,15,3,SR-7,,31.38775,-94.9783,42,0,1,1,0,4,2,10,2,0
48,2014480648,480648,1,0,1,291,0,29,3,2014,7,12,52,8,FM2830,,30.09135,-94.7094,42,0,1,1,0,4,1,1,1,1
48,2014480649,480649,2,0,3,439,2800,29,3,2014,7,17,35,3,SR-360  WATSON RD,NEW YORK AVE,32.62681944,-97.0702,12,6,2,2,0,1,1,1,1,0
48,2014480650,480650,2,0,2,441,30,30,3,2014,1,0,36,7,I-20 STAMFORD ST,,32.47236389,-99.6921,1,0,1,1,1,1,2,1,1,0
48,2014480651,480651,5,0,5,37,0,31,3,2014,2,8,8,2,US-67,,33.41328889,-94.1363,12,1,8,1,0,1,1,1,1,0
48,2014480653,480653,1,0,2,29,1512,10,3,2014,2,16,46,8,SL 1604,,29.51497778,-98.2889,5,0,1,1,0,1,1,2,1,0
48,2014480654,480654,1,0,1,43,0,15,3,2014,7,22,50,3,SR-118,,99.9999,999.9999,35,0,1,1,0,4,2,1,1,0
48,2014480655,480655,2,0,6,309,0,15,3,2014,7,12,40,3,SR-6,,31.52354722,-97.0077,14,0,1,1,0,2,1,2,1,0
48,2014480656,480656,1,0,2,273,0,16,3,2014,1,12,31,2,US-77,,27.32778056,-97.8234,1,0,1,1,0,4,1,1,1,0
48,2014480657,480657,2,0,3,355,1550,16,3,2014,1,1,48,3,SR-361,,27.64657778,-97.1942,12,2,1,1,0,1,3,5,1,1
48,2014480658,480658,1,1,2,299,0,18,3,2014,3,20,8,3,SR-261,,30.75430556,-98.4593,15,0,1,1,0,1,5,1,1,0
48,2014480659,480659,1,1,1,183,4080,19,3,2014,4,13,14,2,US-80,,32.49915556,-94.7493,8,0,1,1,0,1,1,1,1,0
48,2014480660,480660,2,0,2,479,3899,20,3,2014,5,11,21,5,CUATRO VIENTOS,SIERRA VISTA BLVD,27.44516944,-99.453,12,98,2,2,0,1,1,1,1,0
48,2014480661,480661,1,1,2,141,2190,21,3,2014,6,20,29,5,DONIPHAN DR,,31.80839444,-106.55,8,0,1,1,0,1,2,1,1,0
48,2014480662,480662,2,0,3,201,3280,22,3,2014,7,3,20,1,I-610/EAST LOOP NORTH,,29.71474167,-95.266,39,0,1,1,0,4,3,1,1,2
48,2014480663,480663,1,1,2,29,6090,24,3,2014,2,21,12,7,I-410/NE LOOP 410,,29.51630556,-98.4377,8,0,1,1,0,1,3,10,1,0
48,2014480664,480664,1,0,1,121,1840,25,3,2014,3,5,32,1,I-35,,33.2366,-97.176,1,0,1,1,0,4,2,1,1,0
48,2014480665,480665,2,0,5,201,3280,25,3,2014,3,14,15,5,SCOTT ST,,29.66071667,-95.368,42,0,1,1,0,3,1,1,1,0
48,2014480666,480666,1,0,3,303,4140,26,3,2014,4,10,22,5,98TH ST,,33.50520556,-101.892,39,0,1,1,0,4,1,1,1,0
48,2014480667,480667,2,0,2,401,0,26,3,2014,4,17,2,3,SR-42/SR-135,,32.31105,-94.9227,12,6,8,1,0,1,1,1,1,0
48,2014480668,480668,2,0,2,19,0,28,3,2014,6,17,15,8,FM 470,CR-RIO HONDO,29.6742,-99.3571,12,6,2,3,0,1,1,1,1,0
48,2014480669,480669,2,0,2,113,2310,28,3,2014,6,8,14,5,SPRING VALLEY RD,INWOOD RD,32.93955278,-96.8254,12,6,2,2,0,1,1,10,1,0
48,2014480670,480670,1,1,3,157,0,28,3,2014,6,20,0,8,FM 723/BRISCOE RD,,29.59641944,-95.8113,15,0,1,1,0,1,2,2,1,0
48,2014480671,480671,1,0,3,197,5570,28,3,2014,6,2,21,2,US-6,,34.28168889,-99.7433,30,0,1,1,0,4,2,10,1,1
48,2014480672,480672,2,0,1,201,3280,28,3,2014,6,0,5,5,MOLINE ST,,29.68351389,-95.2869,42,0,1,1,0,4,3,5,1,0
48,2014480673,480673,1,0,4,207,0,28,3,2014,6,18,15,2,US-277,,33.23343056,-99.7052,1,0,1,1,0,4,1,1,1,0
48,2014480674,480674,1,0,5,495,0,29,3,2014,7,4,10,3,SR-302,,31.859325,-103.043,1,0,1,1,0,4,2,1,1,0
48,2014480675,480675,1,0,1,31,0,29,3,2014,7,14,1,8,RM 473,,29.96501111,-98.4345,1,0,1,1,0,4,1,1,1,0
48,2014480676,480676,2,0,2,113,2800,29,3,2014,7,21,14,1,I-30,,32.75933889,-96.98,14,0,1,1,1,2,3,1,1,1
48,2014480677,480677,5,0,5,113,3420,29,3,2014,7,20,5,5,PIONEER DR,,32.81755278,-96.927,33,0,1,1,0,4,5,1,2,1
48,2014480678,480678,1,0,2,129,0,29,3,2014,7,17,18,2,US-287,,34.92115,-100.845,1,0,1,1,0,3,1,6,1,0
48,2014480679,480679,1,1,1,215,0,29,3,2014,7,17,30,2,US-281,,26.50063056,-98.1333,9,0,1,1,0,4,1,1,1,1
48,2014480680,480680,1,0,1,465,0,29,3,2014,7,16,10,2,US-90,,29.58626111,-101.068,11,0,1,1,0,1,1,1,1,0
48,2014480681,480681,1,0,1,253,0,30,3,2014,1,20,47,3,SR-92,,32.92311667,-99.9238,1,0,1,1,0,4,2,1,1,1
48,2014480682,480682,2,0,2,139,2240,31,3,2014,2,16,44,8,BI-45 G,FM 85,32.31023056,-96.5972,12,2,2,3,0,1,1,1,1,0
48,2014480683,480683,2,0,2,201,3280,31,3,2014,2,15,5,2,US-59,,29.72597222,-95.4772,12,6,1,1,0,1,1,1,1,0
48,2014480684,480684,4,0,5,439,2420,11,2,2014,3,4,48,1,I-820,,32.66157222,-97.2498,24,0,1,1,0,3,3,2,1,0
48,2014480685,480685,2,0,2,201,3280,20,2,2014,5,12,20,5,SCRANTON,,29.6432,-95.2641,12,6,8,1,0,1,1,10,1,0
48,2014480686,480686,2,0,4,209,990,16,3,2014,1,7,15,1,I-35,,30.11466667,-97.8059,12,7,1,1,0,1,1,10,1,0
48,2014480687,480687,2,0,2,181,1830,20,3,2014,5,14,15,7,US-75,SR-91,33.79542222,-96.556,12,6,2,2,0,1,1,1,1,1
48,2014480688,480688,2,0,5,201,0,23,3,2014,1,20,25,4,CR-SPRING CYPRESS RD,,30.01481944,-95.5794,12,1,1,1,0,1,2,10,1,0
48,2014480689,480689,1,1,1,215,4197,27,3,2014,5,17,47,5,RIDGE RD,2ND ST,26.18591944,-98.2241,9,0,3,2,0,1,1,10,1,0
48,2014480690,480690,1,1,1,323,0,27,3,2014,5,20,55,2,US-277,,28.85594167,-100.539,8,0,1,1,0,1,2,1,1,0
48,2014480691,480691,4,0,8,331,0,29,3,2014,7,9,35,2,US-79,,30.67584722,-96.9554,12,6,1,1,0,1,1,1,2,0
48,2014480692,480692,1,0,1,217,3210,30,3,2014,1,3,56,1,I-35,,31.968625,-97.1194,21,0,19,1,0,4,3,1,1,1
48,2014480693,480693,2,0,4,277,0,31,3,2014,2,13,55,2,US-82,FM 38,33.64235556,-95.6974,12,6,2,2,0,1,1,2,2,0
48,2014480694,480694,1,0,1,183,0,28,3,2014,6,0,17,8,FM 2204,,32.38168056,-94.7842,1,0,1,1,0,4,2,1,1,1
48,2014480695,480695,1,0,1,245,5430,9,2,2014,1,17,24,2,US-69 MEMORIAL BLVD,,29.91765556,-93.9528,3,0,5,1,0,5,1,10,1,0
48,2014480696,480696,2,1,3,245,5430,25,2,2014,3,22,25,2,US-69,,29.94355278,-93.9904,8,0,1,1,0,1,3,2,1,0