STATE,YEAR_ST_CASE,ST_CASE,VE_TOTAL,PEDS,PERSONS,COUNTY,CITY,DAY,MONTH,YEAR,DAY_WEEK,HOUR,MINUTE,ROUTE,TWAY_ID,TWAY_ID2,LATITUDE,LONGITUD,HARM_EV,MAN_COLL,RELJCT2,TYP_INT,WRK_ZONE,REL_ROAD,LGT_COND,WEATHER,FATALS,DRUNK_DR
48,2014480697,480697,1,0,4,215,4197,5,3,2014,4,3,34,5,MAYBERRY AVE,,26.31391944,-98.3011,42,0,1,1,0,4,2,1,1,0
48,2014480698,480698,2,1,1,485,7490,11,3,2014,3,5,16,1,I-44/US-277 CENTRAL FWY,,33.92665833,-98.5139,18,0,18,1,0,1,3,1,1,0
48,2014480699,480699,1,1,1,439,2450,15,3,2014,7,21,54,5,BERKE RD,,32.68345278,-97.3108,8,0,1,1,0,1,2,1,1,0
48,2014480700,480700,1,0,1,439,2850,19,3,2014,4,4,0,5,AIRFIELD DR,,32.90656111,-97.0678,30,0,1,1,0,4,3,1,1,0
48,2014480701,480701,2,0,5,475,0,20,3,2014,5,17,0,1,I-20,,31.52871667,-103.129,12,6,1,1,0,1,1,1,3,0
48,2014480702,480702,2,0,2,201,3280,22,3,2014,7,0,57,5,MACGREGOR WAY,,29.71053333,-95.3609,12,2,1,1,0,1,3,1,1,1
48,2014480703,480703,2,0,6,475,0,22,3,2014,7,16,8,8,FM1219,FM1776,31.42478889,-102.944,12,6,2,2,0,1,1,10,4,0
48,2014480704,480704,1,0,1,113,4530,24,3,2014,2,4,31,1,I-635 LBJ FWY,,32.79660278,-96.626,59,0,19,1,0,8,3,1,1,1
48,2014480705,480705,1,2,1,47,0,25,3,2014,3,6,0,2,US-281,,27.17196944,-98.1489,8,0,1,1,1,1,2,10,2,0
48,2014480706,480706,1,0,1,139,0,26,3,2014,4,13,40,4,CR-WEST RD,,32.30271389,-96.8119,23,0,1,1,0,4,1,2,1,1
48,2014480707,480707,2,0,3,355,0,26,3,2014,4,1,30,3,SR-44,,27.78344167,-97.5546,12,2,1,1,0,1,2,10,1,1
48,2014480708,480708,1,1,1,141,2190,28,3,2014,6,20,20,8,FM659 ZARAGOZA RD,,31.71551111,-106.308,8,0,1,1,0,1,3,1,1,0
48,2014480709,480709,1,1,1,215,0,28,3,2014,6,20,29,8,FM1426,,26.25406389,-98.1445,8,0,1,1,0,1,2,1,1,0
48,2014480710,480710,1,1,1,479,0,28,3,2014,6,6,40,1,I-35,,28.02669722,-99.359,8,0,1,1,0,1,2,1,1,0
48,2014480711,480711,1,0,1,61,0,30,3,2014,1,2,30,8,FM 1577,,26.05464167,-97.6234,38,0,1,1,0,4,2,1,1,1
48,2014480712,480712,1,0,1,141,9997,30,3,2014,1,7,4,8,FM 258 SOCORRO RD,,31.61129444,-106.281,30,0,1,1,0,4,4,1,1,0
48,2014480713,480713,2,0,3,237,0,30,3,2014,1,15,38,2,US-281,SR-199,33.13636944,-98.079,1,0,2,3,0,1,1,1,1,0
48,2014480714,480714,2,0,2,309,2637,30,3,2014,1,20,55,8,FM 933,,31.69375278,-97.2039,12,2,1,1,0,1,2,1,1,1
48,2014480715,480715,1,0,3,5,0,1,4,2014,3,2,15,2,US-59,,31.13323333,-94.81,3,0,1,1,0,5,2,1,1,0
48,2014480716,480716,1,0,3,95,0,1,4,2014,3,17,45,2,US-87,,31.23629167,-99.7444,52,0,1,1,0,4,1,10,1,0
48,2014480717,480717,2,0,3,201,3280,1,4,2014,3,16,30,5,GREENS RD,,29.95113056,-95.3548,12,6,1,1,0,1,1,1,1,0
48,2014480718,480718,2,0,2,225,0,1,4,2014,3,17,35,3,SR-21,,31.56226944,-95.18,12,2,1,1,0,1,1,1,1,0
48,2014480719,480719,1,0,1,215,4650,1,4,2014,3,1,24,8,BU 83,LOS EBANOS RD,26.21601389,-98.342,46,0,3,2,0,4,3,1,1,0
48,2014480720,480720,2,0,2,375,0,1,4,2014,3,11,21,8,RM 1061,,35.48586667,-102.142,12,2,1,1,0,1,1,1,1,0
48,2014480721,480721,2,0,2,429,0,1,4,2014,3,4,20,2,US-183,CR-157,32.541125,-98.8864,12,6,2,3,0,1,2,1,1,0
48,2014480722,480722,1,1,1,29,6090,2,4,2014,4,10,48,5,GUERNSEY DR,,29.57766667,-98.3882,8,0,1,1,0,1,1,10,1,0
48,2014480724,480724,1,1,1,201,2560,2,4,2014,4,20,5,5,MAIN ST,,29.74705,-95.2403,9,0,1,1,0,1,2,10,1,0
48,2014480725,480725,1,0,3,229,0,2,4,2014,4,12,45,2,US-62,,31.74049167,-105.119,1,0,1,1,0,4,1,1,1,0
48,2014480726,480726,1,0,1,251,0,2,4,2014,4,20,45,8,FM917/2738,,32.49001389,-97.1985,38,0,1,1,0,5,2,1,1,1
48,2014480727,480727,1,0,1,333,0,2,4,2014,4,2,50,8,FM574,,31.45390833,-98.6258,31,0,1,1,0,4,2,1,1,1
48,2014480728,480728,1,0,2,375,150,2,4,2014,4,11,13,2,US-60/287 BUCHANAN ST,,35.21739444,-101.83,19,0,1,1,0,5,1,1,1,0
48,2014480729,480729,2,0,2,391,0,2,4,2014,4,4,0,8,FM2678,,28.27471944,-97.2536,12,2,1,1,0,1,2,10,1,1
48,2014480730,480730,1,0,22,427,0,2,4,2014,4,2,0,4,CR-ARROWHEAD RD,,26.5648,-98.5238,1,0,1,1,0,1,2,10,1,0
48,2014480731,480731,1,1,1,453,330,2,4,2014,4,7,0,8,SL 343 LAMAR BLVD,,30.25347778,-97.7631,8,0,1,1,0,1,3,10,1,0
48,2014480732,480732,1,0,1,477,0,2,4,2014,4,2,39,2,US-290,,30.13434444,-96.2479,32,0,1,1,0,4,2,1,1,1
48,2014480733,480733,2,0,2,3,0,3,4,2014,5,6,40,8,FM 1788,,32.41414722,-102.431,12,2,1,1,0,1,2,1,1,0
48,2014480734,480734,2,0,3,29,0,3,4,2014,5,15,10,7,I-35 S,SHEPHERD RD,29.25831667,-98.7198,12,6,2,2,0,1,1,10,1,0
48,2014480735,480735,2,0,2,29,0,3,4,2014,5,12,55,8,SL 1604,,29.21791667,-98.4049,12,2,8,1,0,1,1,10,1,0
48,2014480736,480736,1,1,1,29,6090,3,4,2014,5,18,20,1,I-10,,29.43739444,-98.5042,8,0,18,1,0,1,1,1,1,0
48,2014480737,480737,2,0,3,29,6090,3,4,2014,5,9,1,2,US-281 AMERICAN LEGION MEM HWY,TPC PKWY,29.64876389,-98.4505,12,6,2,2,0,1,1,10,1,0
48,2014480738,480738,3,0,4,37,6850,3,4,2014,5,17,13,5,COWHORN CREEK RD,,33.45931111,-94.0763,12,2,1,1,0,1,1,1,1,0
48,2014480739,480739,1,1,1,201,0,3,4,2014,5,5,50,4,CR-SHELDON RD,,29.82646944,-95.1274,9,0,1,1,0,1,1,10,1,0
48,2014480740,480740,2,0,2,15,0,4,4,2014,6,18,35,3,SR-36,,29.637025,-96.078,12,6,8,1,0,1,1,10,1,1
48,2014480741,480741,1,0,1,71,0,4,4,2014,6,22,53,8,FM2936 SYKES RD,,29.73067222,-94.684,1,0,1,1,0,4,2,1,1,1
48,2014480742,480742,2,0,2,265,3670,4,4,2014,6,9,5,3,SR-27 JUNCTION HWY,METHODIST EMCAMPMENT RD,30.06408889,-99.1747,12,6,2,3,0,1,1,1,1,0
48,2014480743,480743,2,0,5,309,0,4,4,2014,6,23,42,7,SR-6,,31.56751111,-97.2847,12,2,5,1,0,1,2,1,1,1
48,2014480744,480744,1,0,2,423,0,4,4,2014,6,23,50,3,SR-155,,32.20129722,-95.4264,43,0,1,1,0,4,2,1,1,0
48,2014480745,480745,2,0,5,439,2450,4,4,2014,6,16,0,5,BEACH ST,PEPPERBUSH DR,32.87864167,-97.2896,12,6,2,3,0,1,1,1,1,0
48,2014480746,480746,2,0,4,71,0,5,4,2014,7,3,0,1,I-10,,29.82356667,-94.8771,12,1,1,1,0,1,2,1,1,1
48,2014480747,480747,2,0,3,355,0,5,4,2014,7,10,50,4,CR-44,,27.81846389,-97.6883,12,6,1,1,0,1,1,1,1,0
48,2014480748,480748,1,0,2,439,1654,5,4,2014,7,3,47,5,HAMPTON RD,,32.55763611,-97.3575,52,0,1,1,0,4,2,1,1,1
48,2014480749,480749,1,0,1,5,4160,6,4,2014,1,5,18,8,BU69J DENMAN AVE,,31.32383333,-94.709,42,0,1,1,0,4,6,1,1,0
48,2014480750,480750,3,0,4,27,0,6,4,2014,1,20,39,3,SR-95,,31.01791667,-97.3361,12,1,8,1,0,1,2,1,1,0
48,2014480751,480751,1,1,1,133,0,6,4,2014,1,5,22,8,FM2214,,32.362,-98.724,8,0,1,1,0,1,2,2,1,0
48,2014480752,480752,1,0,1,187,0,6,4,2014,1,0,5,8,FM2438,,29.62254167,-97.8295,1,0,1,1,0,4,2,1,1,1
48,2014480753,480753,1,1,1,201,0,6,4,2014,1,21,30,3,SR-249 MOUNT HOUSTON RD,,29.89765556,-95.4486,9,0,1,1,0,1,2,10,1,0
48,2014480754,480754,1,0,4,391,0,4,4,2014,6,1,15,3,SR-239,,28.51852778,-97.0416,1,0,1,1,0,4,3,2,1,0
48,2014480755,480755,2,0,2,201,3280,6,4,2014,1,6,0,1,I-610,,29.77687222,-95.2639,12,9,18,1,0,1,2,2,1,0
48,2014480756,480756,2,0,2,201,3280,6,4,2014,1,22,35,5,BEECHNUT ST,COOK RD,29.68902222,-95.596,12,6,2,2,0,1,3,1,1,2
48,2014480757,480757,1,0,1,401,0,6,4,2014,1,2,55,8,FM782,,32.32741111,-94.6082,32,0,1,1,0,4,2,2,1,1
48,2014480758,480758,1,0,1,477,0,6,4,2014,1,1,15,2,US-290,,30.1389,-96.3534,57,0,1,1,0,3,2,10,1,1
48,2014480759,480759,2,0,2,201,3280,7,4,2014,2,17,10,1,I-10 RAMP,,29.76834167,-95.3466,25,0,5,1,0,4,1,1,1,1
48,2014480760,480760,1,0,1,335,0,7,4,2014,2,22,57,4,CR-309,,32.35790278,-100.901,38,0,1,1,0,4,2,1,1,1
48,2014480761,480761,1,0,1,399,0,6,4,2014,1,23,5,8,FM2111,,31.84998333,-100.035,1,0,1,1,0,4,2,1,1,1
48,2014480762,480762,1,0,1,459,0,7,4,2014,2,17,0,8,FM1649,,32.77064444,-94.7783,53,0,1,1,0,4,1,1,1,0
48,2014480763,480763,2,0,2,113,1730,8,4,2014,3,20,38,5,KIEST BLVD,COOMBS CREEK DR,32.70581111,-96.881,12,6,2,2,0,1,3,1,1,0
48,2014480764,480764,1,0,2,201,0,8,4,2014,3,0,30,2,US-290 NORTHWEST FWY,,29.94915278,-95.6682,52,0,5,1,0,8,2,1,1,0
48,2014480765,480765,2,1,3,201,0,8,4,2014,3,20,37,3,SR-249 TOMBALL PKWY,,29.92567222,-95.5016,8,0,1,1,0,1,2,1,1,0
48,2014480766,480766,1,0,2,435,0,8,4,2014,3,10,40,1,I-10,,30.62193333,-100.778,1,0,1,1,0,3,1,1,1,0
48,2014480767,480767,1,0,2,439,2450,8,4,2014,3,17,0,1,I-30 WEST FWY,,32.73276389,-97.384,30,0,1,1,0,3,1,1,1,1
48,2014480768,480768,1,1,1,453,330,8,4,2014,3,6,5,2,US-183 BASTROP HWY,VARGAS RD,30.2397,-97.6883,8,0,2,3,0,1,3,1,1,0
48,2014480769,480769,2,0,3,29,0,9,4,2014,4,1,5,1,I-10,,29.48729167,-98.2251,12,1,1,1,0,1,2,1,1,1
48,2014480770,480770,1,0,1,169,0,9,4,2014,4,15,16,2,US-84,,33.06035278,-101.218,1,0,1,1,0,4,1,1,1,0
48,2014480771,480771,2,0,2,201,3280,9,4,2014,4,5,0,5,SAKOWITZ,FARMER ST,29.77503056,-95.3135,24,0,3,10,0,4,3,1,1,0
48,2014480772,480772,1,1,1,201,3280,9,4,2014,4,15,32,8,FM-1093 WESTHEIMER RD,,29.73755,-95.5075,8,0,4,1,0,1,1,1,1,0
48,2014480773,480773,2,0,5,283,0,9,4,2014,4,6,20,1,I-35,,28.49705556,-99.2217,14,0,1,1,1,2,2,1,4,0
48,2014480774,480774,2,0,3,355,0,9,4,2014,4,1,22,3,SR-44,,27.79191944,-97.8488,12,6,1,1,0,1,2,1,1,0
48,2014480775,480775,1,0,1,479,3899,6,2,2014,5,10,58,8,SL 20 BOB BULLOCK LOOP,,27.572,-99.4412,33,0,1,1,0,4,1,10,1,0
48,2014480776,480776,2,0,3,63,0,4,4,2014,6,10,5,3,SR-11 QUITMAN ST,DH ABERNATHY BLVD,33.00532778,-94.9938,12,6,2,2,0,1,1,1,1,0
48,2014480777,480777,1,0,1,369,0,9,4,2014,4,17,22,2,US-60,,34.54724722,-102.852,1,0,1,1,0,3,1,1,1,0
48,2014480778,480778,1,1,1,441,30,9,4,2014,4,7,36,8,BI 20R 1ST ST,,32.45061944,-99.7604,8,0,1,1,0,2,1,1,1,0
48,2014480779,480779,1,0,1,29,6090,10,4,2014,5,0,8,3,SR-151,,29.47683056,-98.6997,1,0,1,1,0,3,3,1,1,1
48,2014480780,480780,2,0,3,39,0,10,4,2014,5,15,55,3,SR-288,,29.28338333,-95.4359,12,1,1,1,0,1,1,1,1,0
48,2014480781,480781,2,0,2,185,0,10,4,2014,5,17,25,3,SR-90,,30.56956944,-95.9541,12,6,1,1,0,1,1,1,1,0
48,2014480782,480782,1,0,1,297,0,10,4,2014,5,18,0,1,I-37 RAMP,,28.53223056,-98.1874,1,0,20,1,0,1,1,1,1,0
48,2014480783,480783,1,0,1,381,1160,10,4,2014,5,8,20,2,US-87/23RD STREET,2ND AVENUE,34.98195556,-101.919,46,0,3,2,0,4,1,1,1,0
48,2014480784,480784,2,0,2,59,0,11,4,2014,6,14,8,3,SR-36,,32.18264722,-99.2995,12,6,1,1,0,1,1,1,1,0
48,2014480785,480785,1,0,1,97,2550,11,4,2014,6,16,58,1,I-35,,33.69946111,-97.1624,1,0,1,1,0,1,1,1,1,0
48,2014480786,480786,1,3,1,201,3280,11,4,2014,6,11,45,5,LORRAINE ST,ELYSIAN ST,29.77835833,-95.3506,8,0,2,2,0,1,1,1,1,0
48,2014480787,480787,1,1,1,439,2450,11,4,2014,6,2,10,8,BU-287P/RIVERSIDE DR,POWELL AVE,32.71903611,-97.3043,8,0,2,2,0,1,3,1,1,0
48,2014480788,480788,1,1,1,439,2450,11,4,2014,6,20,43,5,TEIRNEY RD,,32.73624722,-97.2451,8,0,1,1,0,1,2,1,1,0
48,2014480789,480789,3,0,6,21,0,12,4,2014,7,16,33,3,SR-71/95,CR-COTTLE TOWN RD,30.06596944,-97.2157,12,6,2,3,0,1,1,10,1,1
48,2014480790,480790,1,0,1,35,0,12,4,2014,7,14,10,8,FM 7650,,31.72451111,-97.6976,38,0,1,1,0,4,1,10,1,0
48,2014480791,480791,1,0,1,39,0,12,4,2014,7,21,26,4,CR-48S,,29.27442778,-95.4316,1,0,1,1,0,4,2,1,1,1
48,2014480792,480792,2,0,4,139,0,12,4,2014,7,21,29,1,I-45,,32.29273056,-96.5582,12,1,1,1,0,1,3,1,1,1
48,2014480793,480793,1,0,1,157,0,12,4,2014,7,4,24,8,FM 1093 ALIEF CLODENE RD,,29.70556667,-95.7146,33,0,1,1,0,4,3,1,1,0
48,2014480794,480794,1,0,1,201,3280,12,4,2014,7,21,0,5,OREM DR,,29.62587778,-95.3078,24,0,19,1,0,3,2,10,1,1
48,2014480795,480795,1,0,1,201,0,12,4,2014,7,23,47,7,I-45 NORTH FWY,,30.08158333,-95.4366,59,0,1,1,0,10,2,10,1,0
48,2014480796,480796,5,0,10,201,3280,12,4,2014,7,13,19,1,I-45 GULF FWY SR,EDGEBROOK,29.64114444,-95.2429,12,6,2,2,0,1,1,1,2,0
48,2014480797,480797,1,1,1,201,3280,12,4,2014,7,22,46,3,SR-288 SOUTH FWY,,29.70074722,-95.3754,8,0,1,1,0,1,3,1,1,0
48,2014480798,480798,1,0,4,217,0,12,4,2014,7,23,40,3,SR-22 JEFFERSON AVE,,31.95716667,-97.3063,1,0,8,1,0,4,2,1,1,1
48,2014480799,480799,1,0,2,231,0,12,4,2014,7,22,50,2,US-380,,33.14958333,-96.2564,24,0,1,1,0,3,2,1,1,1
48,2014480800,480800,2,0,3,241,0,12,4,2014,7,14,2,3,SR-63,,30.94911111,-94.1015,12,2,1,1,0,1,1,1,1,0
48,2014480801,480801,1,1,1,441,30,12,4,2014,7,16,57,5,MOCKINGBIRD ST,14TH ST,32.46535556,-99.7578,9,0,2,2,0,1,1,1,1,0
48,2014480802,480802,2,0,4,29,6090,13,4,2014,1,2,46,5,36TH ST,OLD US-90W,29.42684444,-98.5725,12,6,2,2,0,1,3,1,1,1
48,2014480803,480803,1,0,1,63,0,13,4,2014,1,20,40,8,SL179,,33.01050556,-94.9813,32,0,1,1,0,4,2,10,1,1
48,2014480804,480804,2,0,3,143,0,13,4,2014,1,12,55,2,US-67,,32.15813333,-97.9052,12,2,1,1,0,1,1,2,2,0
48,2014480805,480805,2,0,3,201,0,13,4,2014,1,3,0,7,SAM HOUSTON PKWY,,29.93825833,-95.4376,12,1,1,1,0,1,2,10,1,1
48,2014480806,480806,1,0,8,277,0,13,4,2014,1,0,47,8,FM906,,33.85617778,-95.5682,42,0,1,1,0,4,2,1,3,1
48,2014480807,480807,1,1,1,329,4560,13,4,2014,1,13,32,8,BS349C RANKIN HWY,,31.97574167,-102.075,15,0,4,1,0,1,1,1,1,0
48,2014480808,480808,2,0,5,381,150,13,4,2014,1,4,5,1,I-27,,35.17538889,-101.855,12,2,1,1,0,1,3,1,1,1
48,2014480809,480809,1,1,1,29,6090,14,4,2014,2,17,19,5,JUDSON RD,INDEPENDENCE AVE,29.56117222,-98.3612,8,0,3,2,0,1,1,1,1,0
48,2014480810,480810,2,0,2,201,3280,15,3,2014,7,2,29,5,AIRPORT BLVD,SANDPIPER DR,29.64422778,-95.5031,12,6,2,2,0,1,3,1,1,1
48,2014480811,480811,1,0,1,113,31,29,3,2014,7,1,18,5,WESTGROVE DR,,32.97722778,-96.8387,33,0,1,1,0,4,2,1,1,1
48,2014480812,480812,1,0,1,329,0,8,4,2014,3,6,40,4,CR-60,,32.06656944,-101.989,1,0,1,1,0,4,1,1,1,1
48,2014480813,480813,1,0,1,127,0,9,4,2014,4,12,15,8,FM 186,FM 3252,28.40467222,-99.9661,1,0,1,1,0,1,1,1,1,0
48,2014480814,480814,3,0,3,113,1730,14,4,2014,2,20,16,2,US-175,,32.75076944,-96.7624,12,99,1,1,0,1,3,1,1,0
48,2014480815,480815,6,2,1,215,4197,14,4,2014,2,12,43,8,SP 115,HOUSTON AVE,26.19815833,-98.2465,14,0,3,3,0,5,1,1,1,0
48,2014480816,480816,1,0,1,217,0,14,4,2014,2,9,0,8,FM 309,,32.063525,-97.2403,38,0,1,1,0,4,1,1,1,0
48,2014480817,480817,1,0,1,229,0,14,4,2014,2,22,3,2,US-62/180,,31.78529167,-105.505,38,0,1,1,0,4,2,1,1,1
48,2014480818,480818,2,0,4,313,0,14,4,2014,2,16,5,3,SR-90,,30.91877778,-95.9062,12,2,1,1,0,1,1,1,1,1
48,2014480819,480819,2,0,3,375,0,14,4,2014,2,14,45,3,SR-136,,35.50803889,-101.642,12,2,1,1,0,1,1,10,1,1
48,2014480820,480820,1,0,1,389,0,14,4,2014,2,11,35,2,US-285,,31.47591667,-103.521,1,0,1,1,0,4,1,1,1,0
48,2014480821,480821,1,0,1,423,0,14,4,2014,2,13,55,4,CR-2177 MIXON RD,,32.14436111,-95.2015,42,0,1,1,0,4,1,10,1,0
48,2014480822,480822,1,0,1,23,0,15,4,2014,3,22,22,2,US-183,,33.74327222,-99.1444,38,0,1,1,0,4,2,1,1,1
48,2014480823,480823,3,0,5,113,1730,15,4,2014,3,8,15,5,MONTICELLO AVE,HOMER ST,32.82643056,-96.7823,12,6,2,2,0,1,1,1,1,0
48,2014480824,480824,2,0,2,151,0,15,4,2014,3,7,30,2,US-180,,32.73338889,-100.593,12,2,1,1,0,1,4,1,1,0
48,2014480825,480825,1,0,1,367,0,15,4,2014,3,9,20,8,FM3325,,32.79658889,-97.5976,58,0,1,1,1,4,1,1,1,0
48,2014480826,480826,2,0,2,389,0,15,4,2014,3,1,0,2,US-285,,31.15098056,-103.28,12,2,1,1,0,1,2,1,2,0
48,2014480827,480827,1,0,2,113,1730,16,4,2014,4,1,27,2,US-175 SM WRIGHT FWY,,32.76709444,-96.7771,38,0,19,1,0,4,3,1,1,0
48,2014480828,480828,1,0,1,113,1730,16,4,2014,4,5,25,8,SL12 LEDBETTER DR,,32.68377778,-96.8102,1,0,1,1,0,4,3,1,1,1
48,2014480829,480829,2,1,3,201,3280,16,4,2014,4,0,15,1,I-45 NORTH FWY,,29.952,-95.4177,8,0,1,1,0,1,2,1,1,0
48,2014480830,480830,2,0,3,387,0,16,4,2014,4,20,41,2,US-82,,33.56853333,-94.8143,12,6,1,1,0,1,2,1,1,1
48,2014480831,480831,2,0,2,503,0,16,4,2014,4,7,14,3,SR-67,,33.03005278,-98.6369,12,2,1,1,0,1,1,1,1,0
48,2014480832,480832,2,0,3,85,2520,17,4,2014,5,12,51,2,US-380 UNIVERSITY DR,SH-289 PRESTON RD,33.21881111,-96.802,12,1,3,2,0,1,1,10,1,0
48,2014480833,480833,3,1,6,113,1730,17,4,2014,5,22,47,1,I-35E R L THORNTON FWY,,32.75723333,-96.8099,8,0,1,1,1,1,3,2,1,0
48,2014480834,480834,2,0,2,113,2590,17,4,2014,5,23,48,5,JUPITER RD,KINGSLEY RD,32.87889722,-96.6831,12,6,2,2,0,1,3,2,1,1
48,2014480835,480835,2,0,2,139,4570,17,4,2014,5,14,11,2,US-287,,32.489275,-97.031,12,1,7,1,0,1,1,1,1,0
48,2014480836,480836,1,0,1,209,0,17,4,2014,5,21,45,8,RM12,,30.09790556,-98.0963,42,0,1,1,0,4,2,10,1,0
48,2014480837,480837,1,1,2,215,2110,17,4,2014,5,4,29,7,I-69C/US-281,,26.256775,-98.1685,9,0,1,1,0,1,2,1,1,1
48,2014480838,480838,4,0,6,217,0,17,4,2014,5,18,10,3,SR-31,,31.81605,-96.8352,12,1,1,1,0,1,1,1,2,0
48,2014480839,480839,1,0,1,329,4560,17,4,2014,5,16,27,1,I-20,,31.97008611,-102.083,1,0,1,1,0,10,1,1,1,0
48,2014480840,480840,2,0,7,355,0,17,4,2014,5,11,46,3,SR-44,FM3386,27.78407222,-97.5721,12,6,2,2,0,1,1,2,1,0
48,2014480841,480841,1,0,1,367,0,17,4,2014,5,23,38,4,CR-DENNIS RD,,32.70643056,-97.8749,53,0,1,1,0,4,2,2,1,0
48,2014480842,480842,1,0,4,21,0,18,4,2014,6,1,38,4,CR-297 JEDDO RD,,29.90885,-97.2907,38,0,1,1,0,4,2,10,1,1
48,2014480843,480843,1,0,2,113,1730,18,4,2014,6,22,48,7,US-75,RIDGEDALE AVE,32.82545,-96.7839,25,0,3,3,0,10,3,1,1,1
48,2014480844,480844,1,1,1,167,3920,18,4,2014,6,22,41,8,FM 270 EGRET BAY BLVD,,29.53446111,-95.0955,8,0,1,1,0,1,2,1,1,0
48,2014480845,480845,3,0,3,201,0,18,4,2014,6,16,55,4,CR-FURAY RD,CAYEY DR,29.88538056,-95.2768,12,6,2,3,0,1,1,1,1,0
48,2014480846,480846,2,0,3,201,0,18,4,2014,6,16,50,4,CR-HUFFMEISTER RD,WHISPERING VALLEY DR,29.96249167,-95.6317,12,6,2,3,0,1,1,1,1,0
48,2014480847,480847,2,0,8,201,0,18,4,2014,6,14,10,2,US-90 RAMP,,29.82259722,-95.1993,12,7,20,1,0,1,1,1,1,0
48,2014480848,480848,2,0,2,237,0,18,4,2014,6,14,20,3,SR-199,FM 2210,33.06403611,-97.9393,12,1,3,2,0,1,1,1,1,0
48,2014480849,480849,2,0,4,339,0,18,4,2014,6,21,32,4,CR-DOBBIN HUFFSMITH RD,,30.18911667,-95.6356,12,2,1,1,0,1,2,10,1,1
48,2014480850,480850,3,0,7,439,2450,18,4,2014,6,13,38,1,I-820,,32.72273056,-97.2251,24,0,1,1,0,3,1,1,2,0
48,2014480851,480851,2,0,3,113,387,19,4,2014,7,15,37,5,BELTLINE RD,,32.73602778,-96.6015,12,2,1,1,0,1,1,1,1,1
48,2014480852,480852,1,0,1,201,0,19,4,2014,7,6,55,2,US-90/BEAUMONT HWY,,29.89951111,-95.0547,24,0,1,1,0,10,1,1,1,1
48,2014480853,480853,2,0,7,201,5230,19,4,2014,7,1,29,3,SR-NASA PKWY/NASA RD 1,,29.56663889,-95.0608,12,6,1,1,0,1,3,1,5,1
48,2014480854,480854,1,0,3,229,0,19,4,2014,7,2,30,1,I-10,,31.23654444,-105.786,1,0,1,1,0,1,3,10,1,0
48,2014480855,480855,1,0,1,233,0,19,4,2014,7,15,36,8,FM 280,,35.66146944,-101.277,1,0,1,1,0,4,1,1,1,0
48,2014480856,480856,1,0,2,259,0,19,4,2014,7,12,49,2,US-87,,30.01471111,-98.9057,1,0,8,1,0,1,1,1,1,0
48,2014480857,480857,2,0,4,289,0,19,4,2014,7,11,20,2,US-79,,31.4007,-96.1151,12,6,8,1,0,1,1,1,1,0
48,2014480858,480858,1,0,1,303,0,19,4,2014,7,8,16,4,CR-1200/CR-ZEELAND AVE,,33.53641944,-102.044,1,0,1,1,0,4,1,1,1,1
48,2014480859,480859,1,0,1,303,0,19,4,2014,7,9,0,8,FM 179/CLOVIS RD,,33.67688889,-102.01,42,0,1,1,0,4,1,1,1,1
48,2014480860,480860,1,0,1,339,0,19,4,2014,7,1,53,4,CR-LAKE VIEW DR,,30.38621944,-95.6421,32,0,1,1,0,4,3,1,1,1
48,2014480861,480861,1,0,5,419,0,19,4,2014,7,14,0,3,SR-7,,31.76280278,-94.2073,1,0,1,1,0,1,1,1,1,0
48,2014480862,480862,1,0,5,439,260,19,4,2014,7,2,46,8,FM 157,,32.72053611,-97.1147,5,0,1,1,0,1,3,1,1,0
48,2014480863,480863,2,0,4,453,330,19,4,2014,7,3,25,7,US-290,SPRINGDALE RD,30.32904167,-97.6547,12,1,3,2,0,1,3,1,1,1
48,2014480864,480864,2,0,7,477,0,19,4,2014,7,15,20,2,US-290,FM 1948,30.18948889,-96.5498,12,6,2,2,0,1,1,1,1,0
48,2014480865,480865,1,0,1,39,4306,20,4,2014,1,18,10,5,MASTERS RD,,29.445325,-95.3636,24,0,1,1,0,4,1,1,1,0
48,2014480866,480866,1,0,3,185,4830,20,4,2014,1,1,10,8,FM 379,,30.372625,-96.0914,1,0,1,1,0,4,2,1,1,0