STATE,YEAR_ST_CASE,ST_CASE,VE_TOTAL,PEDS,PERSONS,COUNTY,CITY,DAY,MONTH,YEAR,DAY_WEEK,HOUR,MINUTE,ROUTE,TWAY_ID,TWAY_ID2,LATITUDE,LONGITUD,HARM_EV,MAN_COLL,RELJCT2,TYP_INT,WRK_ZONE,REL_ROAD,LGT_COND,WEATHER,FATALS,DRUNK_DR
48,2014481212,481212,1,0,1,483,0,20,5,2014,3,5,40,1,I-40,,35.22655833,-100.081,58,0,19,1,0,3,1,1,1,0
48,2014481213,481213,2,0,1,113,1730,22,5,2014,5,23,30,1,I-35E STEMMONS FWY,,32.79263056,-96.814,14,0,1,1,0,2,3,1,1,1
48,2014481214,481214,2,0,2,113,2590,22,5,2014,5,10,19,5,WALNUT ST,,32.91443056,-96.6187,12,6,8,1,0,1,1,1,1,0
48,2014481215,481215,1,1,1,357,5300,22,5,2014,5,17,52,2,US-83 MAIN ST,,36.39107222,-100.803,9,0,8,1,1,1,1,1,1,0
48,2014481216,481216,1,0,1,475,0,22,5,2014,5,11,5,1,I-20,,31.53840833,-103.072,58,0,1,1,0,4,1,10,1,0
48,2014481217,481217,1,0,2,37,0,23,5,2014,6,4,15,1,I-30,,33.45699167,-94.1545,52,0,19,1,0,4,2,1,2,0
48,2014481218,481218,1,0,1,29,6090,24,5,2014,7,3,0,1,I-10 RAMP,I-35,29.39548056,-98.5096,24,0,5,1,0,8,3,1,1,1
48,2014481219,481219,2,0,2,201,0,24,5,2014,7,9,55,4,CR-MORTON RD,RAINTREE VILLAGE DR,29.81509167,-95.734,12,6,2,2,0,1,1,1,1,1
48,2014481221,481221,1,1,3,215,0,25,5,2014,1,21,40,2,US-281,,26.59403056,-98.1191,8,0,1,1,0,1,2,1,1,0
48,2014481222,481222,2,0,2,449,4750,28,5,2014,4,12,23,2,US-271/FERGUSON,,33.15683611,-94.9794,12,6,8,1,0,1,1,1,1,0
48,2014481223,481223,2,0,2,335,0,29,5,2014,5,1,40,1,I-20,,32.3379,-101.109,12,2,1,1,0,1,2,1,1,0
48,2014481224,481224,2,0,2,113,1730,30,5,2014,6,22,34,5,ILLINOIS AVE,VERNON AVE,32.72028056,-96.8368,12,6,2,2,0,1,3,1,1,1
48,2014481225,481225,1,1,6,297,0,30,5,2014,6,21,16,3,SR-72,,28.48281111,-98.1549,9,0,1,1,0,1,2,1,1,0
48,2014481226,481226,2,0,2,361,4415,30,5,2014,6,16,15,3,SR-62,,30.223,-93.8825,12,6,1,1,0,1,1,2,1,0
48,2014481227,481227,1,1,1,29,6090,31,5,2014,7,21,31,8,FM 78/SEGUIN RD,,29.47704722,-98.3682,8,0,1,1,0,1,2,1,1,0
48,2014481228,481228,1,0,3,41,970,31,5,2014,7,6,10,8,FM 1687/SANDY POINT RD,,30.68249722,-96.4046,38,0,1,1,0,5,4,10,1,1
48,2014481229,481229,1,0,24,149,0,31,5,2014,7,14,7,8,FM 1295,,29.65096111,-97.064,1,0,1,1,0,4,1,1,3,0
48,2014481230,481230,2,0,4,423,0,31,5,2014,7,11,50,2,US-271,,32.46515,-95.0796,14,0,1,1,0,2,1,2,2,0
48,2014481231,481231,1,1,1,423,7070,17,1,2014,6,15,43,5,BELMONT DR,SECOND ST,32.33343056,-95.2935,9,0,2,2,0,1,1,1,1,0
48,2014481232,481232,2,1,1,113,1730,23,2,2014,1,3,0,1,I-30 RL THORNTON FWY,,32.78066111,-96.7721,12,1,1,1,0,1,3,1,1,1
48,2014481233,481233,1,0,2,415,0,31,3,2014,2,3,43,3,SR-208,,32.56302778,-100.886,52,0,1,1,0,4,3,1,1,1
48,2014481234,481234,2,0,2,1,0,16,4,2014,4,4,0,2,US-79,,31.835,-95.5385,14,0,1,1,0,2,2,1,1,1
48,2014481235,481235,1,1,7,303,4140,11,5,2014,1,20,51,5,AVE R,,33.53697778,-101.855,8,0,8,1,0,4,3,1,1,0
48,2014481236,481236,1,0,1,503,0,29,5,2014,5,18,0,2,US-380,,33.17626667,-98.6137,38,0,1,1,0,4,1,1,1,1
48,2014481237,481237,2,0,3,283,0,30,5,2014,6,1,30,1,I-35,,28.342175,-99.2724,12,1,1,1,0,1,2,1,1,0
48,2014481238,481238,1,0,2,355,1550,30,5,2014,6,22,50,5,LEOPARD ST,,27.85927778,-97.6246,1,0,1,1,0,4,3,1,1,1
48,2014481239,481239,1,0,1,53,0,31,5,2014,7,22,55,2,US-183,,30.93986667,-98.0238,42,0,1,1,0,4,2,1,1,0
48,2014481240,481240,2,0,2,85,1260,1,6,2014,1,14,31,8,FM455 WALNUT ST,MARYLAND DR,33.32485556,-96.7951,12,6,2,3,0,1,1,1,1,0
48,2014481241,481241,3,0,4,113,1730,1,6,2014,1,9,55,2,US-183 JOHN W CARPENTER FWY,,32.82499722,-96.8821,45,0,1,1,1,1,1,10,1,0
48,2014481242,481242,2,0,2,313,0,1,6,2014,1,21,54,2,US-190,,30.90149722,-96.1368,12,8,1,1,0,2,2,1,1,0
48,2014481243,481243,1,0,1,401,0,1,6,2014,1,20,29,2,US-259,,32.06783333,-94.749,11,0,1,1,0,1,2,1,1,0
48,2014481244,481244,2,0,3,439,2255,1,6,2014,1,9,34,5,PIPELINE RD,DRIFTWOOD DR,32.82268056,-97.1534,12,6,2,3,0,1,1,10,1,0
48,2014481245,481245,1,1,1,29,6090,2,6,2014,2,6,17,1,I-410,,29.31548889,-98.5966,8,0,1,1,0,1,3,10,1,0
48,2014481247,481247,1,0,1,113,4530,2,6,2014,2,2,24,5,TOWN EAST BLVD,,32.81158611,-96.631,30,0,1,1,0,4,3,1,1,1
48,2014481248,481248,1,1,1,135,0,2,6,2014,2,3,50,8,FM554,,31.96820278,-102.36,8,0,1,1,0,1,2,1,1,0
48,2014481249,481249,5,0,7,139,7270,2,6,2014,2,15,26,1,I-35E,,32.36831944,-96.8589,12,1,1,1,0,1,1,1,1,0
48,2014481250,481250,3,0,9,251,0,2,6,2014,2,19,29,8,FM917,,32.514975,-97.1607,12,1,8,1,0,1,1,1,2,0
48,2014481251,481251,1,1,1,309,0,2,6,2014,2,21,45,8,FM 434/3RD ST,,31.49555,-97.0661,15,0,1,1,0,1,2,1,1,0
48,2014481252,481252,2,1,2,329,4560,2,6,2014,2,6,10,8,SL-250/LOOP 250,,32.02417222,-102.15,8,0,1,1,0,1,3,1,1,0
48,2014481253,481253,2,0,7,331,0,2,6,2014,2,11,2,2,US-77,FM 485,30.91928056,-96.9827,12,6,2,2,0,1,1,10,1,0
48,2014481254,481254,2,0,2,135,0,3,6,2014,3,16,8,4,CR-YUKON RD,,31.93136111,-102.336,12,6,1,1,0,4,1,1,1,1
48,2014481255,481255,1,1,1,245,0,3,6,2014,3,1,5,3,SR-73,,29.82721944,-94.2301,8,0,1,1,0,1,2,1,1,0
48,2014481256,481256,2,0,5,277,5220,3,6,2014,3,18,26,8,SL 286,3RD ST,33.63108889,-95.5548,12,6,2,2,0,1,1,1,2,0
48,2014481257,481257,3,0,3,297,0,3,6,2014,3,6,7,1,I-37,,28.65821111,-98.2501,12,1,1,1,0,1,1,1,1,0
48,2014481258,481258,2,0,2,143,0,4,6,2014,4,17,18,2,US-67,,32.18343056,-98.2671,12,1,8,1,0,1,1,1,1,0
48,2014481259,481259,2,0,2,91,0,4,6,2014,4,21,52,8,FM 1102,CR-HUNTER RD,29.76671111,-98.0762,12,6,2,3,0,1,2,1,1,1
48,2014481260,481260,2,0,4,201,3280,4,6,2014,4,16,55,5,FONDREN RD,,29.67503889,-95.5086,12,7,1,1,0,1,1,1,1,1
48,2014481262,481262,3,0,4,439,2450,4,6,2014,4,3,14,8,SL-820 JIM WRIGHT FWY,,32.82124722,-97.3964,12,2,1,1,0,1,2,1,1,1
48,2014481263,481263,2,0,2,197,0,4,6,2014,4,9,55,4,CR-87,,34.34429722,-99.4762,12,2,1,1,0,1,1,1,2,0
48,2014481264,481264,2,0,2,507,0,4,6,2014,4,7,30,2,US-57,,28.93024722,-99.965,12,1,8,1,0,1,1,10,1,0
48,2014481265,481265,2,0,2,497,0,4,6,2014,4,17,54,3,SR-101,,33.27515556,-97.7936,12,6,8,1,0,1,1,1,1,0
48,2014481266,481266,3,0,3,85,7620,5,6,2014,5,14,8,3,SR-78,ANSON PKWY,33.02251667,-96.5007,12,7,2,3,0,1,1,1,1,0
48,2014481267,481267,2,0,2,231,2860,5,6,2014,5,2,15,1,I-30,,33.12600556,-96.084,12,2,1,1,0,1,2,1,1,1
48,2014481268,481268,2,0,3,245,0,5,6,2014,5,12,30,1,I-10,,29.87198056,-94.3419,57,0,1,1,0,3,1,10,1,0
48,2014481269,481269,2,0,2,291,0,5,6,2014,5,12,45,3,SR-321,CR-684,30.14057222,-94.928,12,6,8,1,0,1,1,1,1,0
48,2014481270,481270,4,3,3,303,4140,5,6,2014,5,23,35,2,US-82,GUAVA AVE,33.59867222,-101.801,12,6,2,2,0,1,3,1,1,1
48,2014481271,481271,1,0,5,341,0,5,6,2014,5,18,15,2,US-87/287,,35.81880278,-101.971,1,0,1,1,0,1,1,10,1,1
48,2014481272,481272,2,0,2,435,0,5,6,2014,5,4,15,1,I-10,,30.55145,-100.485,12,1,1,1,0,1,2,10,1,0
48,2014481273,481273,2,0,2,453,330,5,6,2014,5,21,42,7,US-290 MANOR EXPY,SR-130/45,30.34022778,-97.5902,12,6,2,2,0,1,3,1,1,0
48,2014481274,481274,3,0,3,311,0,6,6,2014,6,12,18,3,SR-72,,28.47164167,-98.6216,12,8,1,1,0,1,1,1,1,1
48,2014481276,481276,2,0,2,183,4080,6,6,2014,6,21,21,5,DELWOOD DR,,32.52707778,-94.7404,12,2,1,1,0,1,3,1,1,0
48,2014481277,481277,2,0,3,277,5705,6,6,2014,6,9,19,2,US-82 LAMAR RD,,33.66329722,-95.4557,12,6,8,1,0,1,1,10,1,0
48,2014481278,481278,1,0,1,291,5931,6,6,2014,6,23,28,8,FM787,,30.43192222,-94.8436,1,0,1,1,0,4,2,1,1,1
48,2014481279,481279,1,0,1,113,2800,7,6,2014,7,10,0,8,FM1382 BELTLINE RD,KINGSTON DR,32.72263056,-96.9942,43,0,3,3,0,4,1,1,1,0
48,2014481280,481280,3,0,5,139,9997,7,6,2014,7,0,51,2,US-287,SR-360,32.5238,-97.0864,12,1,3,3,0,1,3,1,1,0
48,2014481281,481281,2,0,2,201,0,7,6,2014,7,15,23,2,US-290/SR-6 NORTHWEST FWY,,29.95405833,-95.6746,26,0,1,1,1,3,1,1,1,0
48,2014481282,481282,1,0,2,201,3280,7,6,2014,7,1,7,5,BANYAN ST,,29.82595556,-95.3056,5,0,1,1,0,1,3,10,1,1
48,2014481284,481284,3,0,6,201,3280,7,6,2014,7,22,17,5,GESSNER DR,BEECHNUT ST,29.69134167,-95.5355,12,1,2,2,0,1,3,1,1,0
48,2014481285,481285,3,0,3,201,3280,7,6,2014,7,4,16,1,I-610 E LP N FWY,,29.76201667,-95.2652,12,2,1,1,0,1,2,1,1,1
48,2014481286,481286,2,0,2,231,0,7,6,2014,7,7,45,7,I-30,,32.986675,-96.2614,12,6,8,1,0,1,1,1,1,0
48,2014481287,481287,2,0,3,235,0,7,6,2014,7,19,53,2,US-67,,31.34503333,-100.696,12,6,1,1,0,1,1,1,2,1
48,2014481288,481288,2,1,1,201,3280,24,5,2014,7,2,0,5,DIXIE DR,,29.70441667,-95.3704,14,0,1,1,0,2,2,1,1,1
48,2014481289,481289,3,0,2,485,7490,28,5,2014,4,15,23,2,US-277/281 BROAD ST,,33.90503611,-98.4971,12,1,1,1,0,1,1,1,1,0
48,2014481290,481290,1,1,1,303,4140,30,5,2014,6,17,9,5,BANGOR AVE,54TH ST,33.54478056,-101.927,8,0,2,3,0,1,1,1,1,0
48,2014481291,481291,2,0,2,113,1730,6,6,2014,6,16,11,1,I-35/STEMMONS FWY,,32.88501667,-96.8981,12,6,1,1,0,1,1,1,1,0
48,2014481292,481292,1,0,2,201,3280,6,6,2014,6,17,8,5,LEITRIM WAY,,29.63611389,-95.3632,33,0,1,1,0,4,1,1,2,0
48,2014481293,481293,2,0,2,257,0,7,6,2014,7,16,20,3,SR-34,,32.82351944,-96.1874,12,2,1,1,1,1,1,1,2,2
48,2014481294,481294,2,0,5,333,0,7,6,2014,7,15,50,8,FM 2005,,31.54919444,-98.4071,12,2,1,1,0,1,1,10,2,0
48,2014481295,481295,2,0,5,15,0,8,6,2014,1,20,45,8,FM 949,,29.86281944,-96.219,12,2,1,1,0,1,5,1,1,0
48,2014481296,481296,2,0,4,63,0,8,6,2014,1,22,45,8,FM 556/CLAYTON ST,,32.97863889,-94.9845,12,2,1,1,0,1,2,10,1,1
48,2014481297,481297,1,0,1,113,1730,8,6,2014,1,6,0,5,COOMBS CREEK DR,,32.70939722,-96.8814,1,0,1,1,0,4,2,10,1,1
48,2014481298,481298,2,1,2,201,0,8,6,2014,1,23,35,7,I-10,,29.77971111,-95.1185,8,0,1,1,0,1,3,10,1,0
48,2014481299,481299,1,0,1,201,3280,8,6,2014,1,20,38,5,BELLFORT ST,,29.65419444,-95.5663,33,0,1,1,0,3,3,1,1,0
48,2014481300,481300,1,0,2,329,0,8,6,2014,1,2,25,3,SR-191,,31.94882778,-102.269,1,0,1,1,0,3,2,1,1,1
48,2014481301,481301,1,0,4,371,0,8,6,2014,1,16,0,1,I-10,,30.81418611,-102,1,0,1,1,0,3,1,10,2,0
48,2014481302,481302,1,1,1,439,2450,8,6,2014,1,2,59,3,SR-199 JACKSBORO HWY,,32.78795556,-97.3861,8,0,1,1,0,1,3,1,1,0
48,2014481303,481303,1,1,1,471,3340,8,6,2014,1,21,5,1,I-45,,30.71886944,-95.5704,8,0,1,1,0,1,2,1,1,0
48,2014481304,481304,4,0,2,91,4870,9,6,2014,2,8,16,8,SL 337,,29.70969722,-98.1611,12,6,8,1,0,1,1,10,1,0
48,2014481305,481305,1,1,1,91,9997,9,6,2014,2,21,58,7,I-35,,29.626025,-98.2376,8,0,1,1,0,99,2,2,1,0
48,2014481306,481306,1,0,1,207,0,9,6,2014,2,12,15,8,FM 1080,,33.27059722,-99.6282,42,0,1,1,0,4,1,1,1,0
48,2014481307,481307,4,0,6,339,0,9,6,2014,2,13,20,1,I-69/US-59,,30.09775833,-95.2381,59,0,1,1,0,10,1,10,1,0
48,2014481308,481308,3,0,3,439,2450,9,6,2014,2,9,20,1,I-35,,32.8553,-97.3131,12,7,1,1,1,1,1,2,1,0
48,2014481309,481309,1,0,1,493,0,9,6,2014,2,2,45,8,SL-181/4TH ST,,29.15496667,-98.1773,53,0,1,1,0,4,2,10,1,1
48,2014481310,481310,2,0,2,29,6090,10,6,2014,3,1,50,1,I-35,,29.45591667,-98.4137,12,2,18,1,0,1,3,1,1,1
48,2014481311,481311,1,1,1,187,1325,10,6,2014,3,0,7,1,I-10,,29.50654722,-98.1717,8,0,1,1,0,1,2,2,1,0
48,2014481312,481312,2,0,2,255,0,10,6,2014,3,13,2,3,SR-80,,28.94495,-97.8296,12,1,1,1,1,1,1,1,1,0
48,2014481313,481313,1,0,1,263,0,10,6,2014,3,5,59,3,SR-208,,33.24535556,-100.762,1,0,1,1,0,4,2,1,1,0
48,2014481314,481314,1,0,1,265,3670,10,6,2014,3,1,33,1,I-10,,30.08428611,-99.1458,11,0,1,1,0,1,2,1,1,0
48,2014481315,481315,2,0,4,453,330,10,6,2014,3,18,51,8,FM734 PARMER LN,HARRIS BRANCH PKWY,30.36835833,-97.6131,12,6,2,2,0,1,1,1,2,0
48,2014481316,481316,1,0,1,29,6090,11,6,2014,4,12,59,5,THUNDER DR,CALLAGHAN RD,29.4741,-98.6027,42,0,3,3,0,4,1,1,1,0
48,2014481317,481317,2,0,2,99,0,11,6,2014,4,5,14,8,FM116,,31.222575,-97.9122,12,6,1,1,0,1,2,1,1,0
48,2014481318,481318,1,0,1,113,2590,11,6,2014,4,18,50,5,PRES GEORGE BUSH TPKE,,32.85983611,-96.5508,26,0,1,1,0,4,1,1,1,0
48,2014481319,481319,1,0,1,215,4197,11,6,2014,4,5,39,5,NORTHGATE LN,2ND ST,26.28305833,-98.2074,38,0,3,3,0,5,3,1,1,0
48,2014481320,481320,2,0,2,245,0,11,6,2014,4,16,50,2,US-90,,30.06181111,-94.2296,12,2,1,1,0,1,1,1,1,0
48,2014481321,481321,2,1,7,309,7210,11,6,2014,4,21,18,2,US-6,,31.51698333,-97.2014,8,0,18,1,0,1,2,1,1,0
48,2014481322,481322,1,0,1,407,0,11,6,2014,4,15,43,4,CR-YEAGER LN,,30.4127,-95.0479,10,0,6,1,0,1,1,1,1,0
48,2014481323,481323,2,0,2,105,0,12,6,2014,5,0,40,3,SR-163,,31.04635833,-101.165,12,2,1,1,0,1,2,1,1,1
48,2014481324,481324,3,0,3,177,0,12,6,2014,5,0,35,2,US-183,SR-97,29.47012222,-97.4435,12,2,3,3,0,1,2,1,1,0
48,2014481325,481325,2,0,4,251,0,12,6,2014,5,8,21,8,FM 916,CR-1205,32.24001667,-97.3494,12,6,2,2,0,1,1,2,1,0
48,2014481326,481326,1,0,1,257,0,12,6,2014,5,4,15,8,FM 3396,,32.3661,-96.2988,53,0,1,1,0,4,2,1,1,1
48,2014481327,481327,1,0,1,467,0,12,6,2014,5,6,20,3,SR-64,,32.39850556,-95.5718,53,0,1,1,0,4,4,10,1,0
48,2014481328,481328,3,0,7,29,6090,13,6,2014,6,10,50,8,SL 1604 CHARLES WEST ANDERSON,SHAENFIELD RD,29.51506111,-98.6947,12,6,2,3,0,1,1,1,1,0
48,2014481329,481329,1,0,1,181,0,13,6,2014,6,1,15,3,SR-91,,33.80609167,-96.5616,11,0,1,1,0,1,2,10,1,0
48,2014481330,481330,2,0,5,183,0,13,6,2014,6,9,33,3,SR-135,FM 1252,32.43958333,-94.93,12,2,2,2,0,1,1,1,1,0
48,2014481331,481331,3,0,8,201,3280,13,6,2014,6,23,40,7,I-45,GULF BANK RD,29.88910833,-95.4125,12,1,3,2,0,1,3,1,1,0
48,2014481332,481332,1,0,1,257,0,13,6,2014,6,1,29,8,FM2578,,32.61541389,-96.3472,38,0,1,1,0,5,2,1,1,1
48,2014481333,481333,1,0,2,127,0,13,6,2014,6,21,10,8,SL517,,28.55150278,-99.8634,38,0,1,1,0,4,2,1,2,0
48,2014481334,481334,1,0,1,361,5100,13,6,2014,6,22,4,5,PARK AVE,,30.10974167,-93.7675,42,0,1,1,0,4,3,1,1,1
48,2014481335,481335,2,0,2,375,150,13,6,2014,6,11,23,5,BELL ST,,35.19301944,-101.902,1,0,8,1,0,1,1,10,1,0
48,2014481336,481336,1,0,1,485,0,13,6,2014,6,13,30,8,FM369,,33.94064722,-98.6032,43,0,6,1,0,1,1,1,1,0
48,2014481337,481337,2,0,2,31,0,14,6,2014,7,15,44,8,RM165,TRIESCH PLACE RD,30.09173056,-98.3753,12,2,3,3,0,1,1,1,1,1
48,2014481338,481338,2,0,2,113,1730,14,6,2014,7,10,2,5,MARSALIS AVE,BROWNLEE AVE,32.71138056,-96.8146,1,0,2,2,0,1,1,1,1,0
48,2014481339,481339,2,0,4,223,0,14,6,2014,7,16,17,3,SR-19/154,FM1537,33.19535278,-95.5881,12,6,2,3,0,1,1,1,1,0
48,2014481340,481340,1,0,1,231,0,14,6,2014,7,21,35,8,FM429,,32.83895,-96.0852,31,0,1,1,0,4,2,1,1,0
48,2014481341,481341,1,0,1,349,1570,14,6,2014,7,18,55,2,US-287,,32.05338056,-96.4245,42,0,1,1,0,4,1,1,1,1
48,2014481342,481342,1,0,1,459,2047,14,6,2014,7,2,0,8,FM 1845 MAIN ST,,32.60785278,-94.8735,32,0,1,1,0,4,2,1,1,1
48,2014481343,481343,1,0,4,29,6090,15,6,2014,1,22,34,1,I-410,,29.37445833,-98.6384,26,0,1,1,0,3,3,1,1,1
48,2014481344,481344,1,0,1,37,0,15,6,2014,1,4,20,8,FM 3378,,33.48886111,-94.4705,35,0,1,1,0,4,2,1,1,0
48,2014481345,481345,2,0,5,97,0,15,6,2014,1,15,3,8,FM 51,,33.45520833,-97.2896,12,2,1,1,0,1,1,1,3,0
48,2014481346,481346,5,0,6,201,0,15,6,2014,1,2,29,8,FM 1960,FARRELL RD,30.01529722,-95.3521,12,1,2,3,0,1,3,10,1,1
48,2014481347,481347,3,0,2,201,3280,15,6,2014,1,18,57,5,MITCHELL RD,,29.88324167,-95.3739,32,0,1,1,0,4,1,1,1,1
48,2014481348,481348,1,0,3,215,0,15,6,2014,1,13,13,2,US-281,,26.74191389,-98.1036,1,0,1,1,0,1,1,1,1,0
48,2014481349,481349,2,0,2,301,0,15,6,2014,1,9,15,3,SR-302,,31.76183611,-103.455,14,0,1,1,0,2,1,1,2,0
48,2014481350,481350,1,0,1,383,0,15,6,2014,1,6,35,3,SR-137,,31.53171667,-101.614,38,0,1,1,0,5,2,1,1,0
48,2014481351,481351,1,0,2,439,2450,15,6,2014,1,6,0,1,I-30 WEST FWY,,32.74205278,-97.4805,1,0,5,1,0,4,1,1,1,0
48,2014481352,481352,2,0,2,467,0,15,6,2014,1,8,55,8,FM16,FM773,32.51684444,-95.7011,12,6,2,2,0,1,1,10,1,0
48,2014481353,481353,1,1,1,29,6090,16,6,2014,2,0,11,1,I-35/410,,29.47696667,-98.4047,8,0,1,1,1,1,2,1,1,0
48,2014481354,481354,2,0,2,53,0,16,6,2014,2,23,13,8,FM2657,CR-220,30.97189167,-97.9121,12,6,2,3,0,1,2,1,1,0
48,2014481355,481355,1,0,1,113,1730,16,6,2014,2,7,48,7,I-30 R L THORNTON FWY,,32.79574722,-96.6945,59,0,1,1,0,10,1,1,1,0
48,2014481356,481356,1,0,4,129,0,16,6,2014,2,8,40,3,SR-273,,35.07669167,-100.61,1,0,1,1,0,4,1,1,2,0
48,2014481357,481357,1,0,1,157,0,16,6,2014,2,21,54,2,US-90 ALT,,29.59873056,-95.7135,1,0,1,1,0,3,2,1,1,0
48,2014481358,481358,2,0,2,163,0,16,6,2014,2,9,15,8,FM140,,28.911475,-99.1314,12,8,1,1,0,1,1,1,1,0
48,2014481359,481359,2,0,3,215,2110,16,6,2014,2,15,51,8,BU281W,ALBERTA RD,26.25477778,-98.1739,12,6,2,2,0,1,1,1,1,0
48,2014481360,481360,1,0,1,5,0,17,6,2014,3,21,59,2,US-59,FM3439,31.382675,-94.713,1,0,3,3,1,4,2,1,1,0
48,2014481361,481361,3,0,6,53,0,17,6,2014,3,9,12,2,US-281,PR4,30.6914,-98.255,12,6,2,3,0,1,1,1,2,0
48,2014481362,481362,1,0,1,85,92,17,6,2014,3,17,39,5,ANGEL PKWY,,33.10698056,-96.6204,33,0,1,1,0,4,1,1,1,0
48,2014481363,481363,2,0,2,439,2450,17,6,2014,3,0,21,1,I-35,,32.83590278,-97.3132,12,99,18,1,1,1,3,1,1,1
48,2014481364,481364,2,0,2,471,0,17,6,2014,3,7,30,3,SR-75,,30.76823333,-95.6705,12,2,1,1,0,1,1,1,2,0
48,2014481365,481365,1,1,1,29,6090,18,6,2014,4,6,5,5,LAREDO ST,SAN MARCOS,29.41149722,-98.5107,8,0,3,2,0,1,3,10,1,0
48,2014481366,481366,1,0,1,441,30,18,6,2014,4,19,55,8,BU83D RAMP,,32.38917222,-99.7423,1,0,5,1,0,8,1,1,1,0
48,2014481367,481367,1,1,1,181,6350,19,6,2014,5,5,0,2,US-75,,33.59807778,-96.6059,8,0,1,1,0,1,3,10,1,0
48,2014481368,481368,1,0,1,187,4870,19,6,2014,5,15,27,5,WALNUT AVE,,29.66187778,-98.1146,33,0,1,1,0,4,1,1,1,0
48,2014481369,481369,2,0,5,361,5100,19,6,2014,5,19,38,8,BU90Y GREEN AVE,10TH ST,30.093075,-93.7401,12,6,2,2,0,1,1,1,1,0
48,2014481370,481370,1,0,1,451,0,19,6,2014,5,21,30,4,CR-MARCH RD,,31.57260833,-100.519,38,0,1,1,0,4,2,10,1,1
48,2014481371,481371,1,0,1,1,0,20,6,2014,6,15,10,8,FM 837,,31.96852222,-95.6354,1,0,1,1,0,4,1,1,1,1
48,2014481373,481373,1,0,1,403,0,20,6,2014,6,18,45,4,CR-HARPER VALLEY RD,,31.37436944,-93.7214,42,0,1,1,0,4,1,1,1,1
48,2014481374,481374,1,0,2,477,0,20,6,2014,6,12,8,2,US-290,,30.18275833,-96.4824,1,0,1,1,0,1,1,1,1,0
48,2014481375,481375,1,0,1,207,0,21,6,2014,7,21,0,4,CR-ROCKDALE RD,,32.97133611,-99.5499,38,0,1,1,0,4,5,1,1,1
48,2014481376,481376,1,1,1,201,3280,22,6,2014,1,3,18,1,I-69/US-59,,29.717075,-95.4985,8,0,1,1,0,1,3,1,1,0
48,2014481378,481378,1,0,1,29,6090,23,6,2014,2,3,25,2,US-281,,29.53750556,-98.4923,21,0,19,1,0,4,3,10,1,0
48,2014481379,481379,1,0,1,5,3305,11,1,2014,7,16,20,8,FM 1271 OLD UNION RD,,31.31687778,-94.7775,32,0,1,1,0,4,1,1,1,1
48,2014481380,481380,1,0,1,19,0,7,2,2014,6,8,44,8,FM 470,,29.68335833,-99.3852,24,0,1,1,0,4,1,2,1,0
48,2014481382,481382,2,0,2,355,1550,21,5,2014,4,16,14,1,I-37,,27.82865,-97.5375,14,0,1,1,0,2,1,1,1,0
48,2014481383,481383,1,1,4,245,490,5,6,2014,5,22,46,7,I-10,10TH ST,30.09578056,-94.1274,8,0,2,3,0,1,2,1,1,0
48,2014481384,481384,2,0,4,29,0,6,6,2014,6,23,56,2,US-90,MECHLER RD,29.36731111,-98.798,12,6,2,2,0,1,2,1,2,1
48,2014481385,481385,1,1,1,47,0,10,6,2014,3,5,55,2,US-281,,27.15106944,-98.1504,8,0,1,1,0,1,2,1,1,0
48,2014481386,481386,1,0,1,285,0,10,6,2014,3,14,0,3,SR-95,,29.35778889,-97.1594,38,0,1,1,0,5,1,1,1,0
48,2014481387,481387,1,0,5,113,1730,12,6,2014,5,20,10,8,SL 12 WALTON WALKER BLVD,,32.75410556,-96.9185,1,0,5,1,0,1,6,10,1,0
48,2014481388,481388,1,0,1,389,0,12,6,2014,5,15,45,1,I-20,,31.14256389,-104.002,52,0,1,1,0,4,1,1,1,0
48,2014481389,481389,2,0,2,71,6619,13,6,2014,6,6,50,3,SR-124 GULFWAY DR,,29.78404167,-94.3821,12,6,8,1,0,1,1,1,1,0