STATE,YEAR_ST_CASE,ST_CASE,VE_TOTAL,PEDS,PERSONS,COUNTY,CITY,DAY,MONTH,YEAR,DAY_WEEK,HOUR,MINUTE,ROUTE,TWAY_ID,TWAY_ID2,LATITUDE,LONGITUD,HARM_EV,MAN_COLL,RELJCT2,TYP_INT,WRK_ZONE,REL_ROAD,LGT_COND,WEATHER,FATALS,DRUNK_DR
48,2014481736,481736,2,0,7,251,0,24,7,2014,5,19,2,8,FM 917,CR-1022,32.46105,-97.4193,12,6,2,3,0,1,1,1,1,0
48,2014481737,481737,2,0,3,339,0,25,7,2014,6,21,56,8,FM 2854,,30.31931944,-95.5917,12,6,1,1,0,1,2,1,1,2
48,2014481738,481738,2,0,2,97,7112,26,7,2014,7,1,53,1,I-35,,33.52733056,-97.1661,14,0,5,1,0,2,3,1,1,1
48,2014481739,481739,1,0,1,157,0,27,7,2014,1,16,14,4,CR-HURTA RD,,29.36666944,-95.8439,32,0,1,1,0,4,1,1,1,0
48,2014481740,481740,3,1,6,201,0,27,7,2014,1,13,0,8,FM 1093/WESTHEIMER RD,,29.71654722,-95.677,12,1,1,1,0,1,1,1,1,0
48,2014481741,481741,1,0,5,485,7490,27,7,2014,1,1,3,2,US-82 KELL FWY,,33.88205,-98.5376,1,0,1,1,0,3,3,1,1,0
48,2014481742,481742,2,0,3,497,890,27,7,2014,1,12,28,2,US-380,FM1658,33.21857222,-97.7802,12,6,2,2,0,1,1,1,1,0
48,2014481743,481743,1,1,1,91,4870,29,7,2014,3,22,18,8,BI35H,,29.694575,-98.1048,8,0,1,1,0,1,3,1,1,0
48,2014481744,481744,1,0,4,145,0,29,7,2014,3,9,26,3,SR-7,,31.31021111,-96.7018,32,0,1,1,0,4,1,1,2,0
48,2014481745,481745,2,0,2,39,7350,30,7,2014,4,9,42,3,SR-35 BRAZOS AVE,BS35E 17TH ST,29.14458333,-95.648,12,6,2,2,0,1,1,1,1,0
48,2014481746,481746,1,0,1,113,1730,30,7,2014,4,4,4,1,I-20 LBJ FWY,,32.64226944,-96.8195,25,0,19,1,0,3,3,1,1,0
48,2014481748,481748,1,0,2,423,0,31,7,2014,5,22,5,4,CR-1113 LAKE PLACID RD,,32.26465833,-95.4371,42,0,1,1,0,4,2,10,1,1
48,2014481750,481750,3,0,3,201,3280,28,6,2014,7,7,20,5,GALVESTON RD,CENTRAL ST,29.70117778,-95.2703,12,6,2,2,0,1,1,1,1,0
48,2014481751,481751,2,0,3,85,7620,23,7,2014,4,10,45,3,SR-78,COOPER ST,33.00921944,-96.5439,12,6,2,3,0,1,1,1,1,1
48,2014481752,481752,1,0,1,85,4230,27,7,2014,1,2,0,5,WILSON CREEK PKWY,,33.18521111,-96.6188,33,0,1,1,0,3,3,1,1,1
48,2014481753,481753,2,0,2,469,0,27,7,2014,1,19,19,8,FM1090,,28.6959,-96.7044,12,8,1,1,0,1,1,1,1,1
48,2014481754,481754,3,0,4,21,0,29,7,2014,3,19,0,3,SR-71,FM1209,30.12236667,-97.4326,12,1,2,2,0,1,1,10,1,1
48,2014481755,481755,1,1,2,423,0,30,7,2014,4,0,10,3,SR-155 FRANKSTON HWY,,32.17568056,-95.4494,8,0,1,1,0,1,2,1,1,0
48,2014481756,481756,2,0,2,499,7627,7,7,2014,2,8,50,8,FM17,,32.93043889,-95.5845,12,6,8,1,1,1,1,1,1,0
48,2014481757,481757,1,1,2,293,4540,6,6,2014,6,21,54,3,SR-14 MLKING HWY,,31.68560556,-96.4921,8,0,1,1,0,1,2,1,1,0
48,2014481758,481758,2,0,3,453,330,6,6,2014,6,20,39,7,US-290,SR-130,30.33983056,-97.5915,12,6,2,2,0,1,2,1,1,0
48,2014481759,481759,2,0,2,201,3280,15,7,2014,3,11,37,8,FM1093 WESTHEIMER RD,WOODLAND PARK,29.73650556,-95.5811,12,6,2,2,0,1,1,10,1,0
48,2014481760,481760,1,1,2,29,6090,1,8,2014,6,23,21,8,SL368 AUSTIN HWY,,29.50971944,-98.4085,8,0,1,1,0,1,2,10,1,0
48,2014481761,481761,2,0,2,113,4530,1,8,2014,6,5,48,7,US-80,HILLCREST ST,32.79113056,-96.601,12,1,3,3,0,1,3,10,1,1
48,2014481762,481762,1,0,1,121,1840,1,8,2014,6,19,10,7,I-35E,,33.17229444,-97.0876,30,0,19,1,1,4,1,1,1,0
48,2014481763,481763,1,0,2,167,0,1,8,2014,6,23,50,4,CR-WALSH ST,,29.51536667,-94.9926,42,0,1,1,0,4,2,1,1,0
48,2014481764,481764,1,0,1,183,0,1,8,2014,6,2,26,8,FM 2087,,32.41292778,-94.8107,32,0,1,1,0,4,2,2,1,1
48,2014481765,481765,2,0,2,321,0,1,8,2014,6,22,15,8,FM 457,CR-151 BOONE RD,28.96048056,-95.7952,12,1,3,3,0,1,2,10,1,0
48,2014481766,481766,1,0,1,375,150,1,8,2014,6,23,55,5,3RD AVE,,35.21258611,-101.85,1,0,1,1,0,6,3,1,1,0
48,2014481767,481767,2,0,5,439,2800,1,8,2014,6,13,24,3,SR-360,NEW YORK AVE,32.62684722,-97.0702,12,6,2,2,0,1,1,10,1,0
48,2014481768,481768,3,0,3,493,0,1,8,2014,6,12,14,8,FM 1107,CR-427,29.25177778,-97.9269,12,6,2,3,0,1,1,1,1,0
48,2014481769,481769,1,0,12,55,0,2,8,2014,7,11,32,3,SR-130,,29.94645833,-97.6732,1,0,1,1,0,3,1,1,2,0
48,2014481770,481770,1,1,1,61,3030,2,8,2014,7,3,53,8,FM 507,,26.235275,-97.6699,8,0,1,1,0,1,2,1,1,0
48,2014481771,481771,1,0,1,71,7555,2,8,2014,7,22,38,5,MENELEY RD,,29.84553056,-94.4494,38,0,1,1,0,5,2,1,1,1
48,2014481772,481772,1,0,1,113,1730,2,8,2014,7,1,22,8,SL 12/WALTON WALKER FWY,,32.69176667,-96.8918,39,0,19,1,0,4,3,1,1,0
48,2014481773,481773,2,0,2,121,9997,2,8,2014,7,18,20,3,SR-114,ALLISON AVE,33.02663333,-97.2836,12,6,2,2,0,1,1,1,1,1
48,2014481774,481774,1,1,1,201,0,2,8,2014,7,4,15,4,CR-LITTLE YORK RD,,29.86468889,-95.698,8,0,1,1,0,1,2,1,1,0
48,2014481775,481775,2,0,3,201,3280,2,8,2014,7,3,30,5,ALLEN GENOA RD,GOBER,29.70108333,-95.2419,12,1,3,2,0,1,3,1,1,2
48,2014481776,481776,1,0,1,213,0,2,8,2014,7,1,15,8,RM 3054,,32.23238056,-95.9892,42,0,1,1,0,4,2,1,1,1
48,2014481777,481777,1,0,1,291,0,2,8,2014,7,4,7,4,CR-3011A,CR-3011/RICE RD,30.22511944,-94.9809,5,0,3,3,0,1,2,1,1,1
48,2014481778,481778,1,1,3,303,4140,2,8,2014,7,14,8,5,AVENUE J,23RD ST,33.5739,-101.846,8,0,3,2,0,1,1,1,1,0
48,2014481779,481779,1,1,1,411,6190,2,8,2014,7,20,50,3,SR-16,LEWIS ST,31.20234167,-98.7185,8,0,3,3,0,1,3,1,1,0
48,2014481780,481780,2,0,2,439,260,2,8,2014,7,13,35,5,ARKANSAS LN,LAREDO CT,32.70663056,-97.1338,12,6,2,2,0,1,1,1,1,0
48,2014481781,481781,1,0,1,439,2450,2,8,2014,7,3,12,5,RISINGER RD,,32.61644444,-97.4033,33,0,1,1,0,3,3,1,1,0
48,2014481782,481782,1,0,1,449,4750,2,8,2014,7,0,28,5,14TH ST,,33.16905833,-94.9678,53,0,1,1,0,4,2,1,1,1
48,2014481783,481783,1,0,2,483,0,2,8,2014,7,20,0,2,US-83,,35.31233889,-100.236,38,0,1,1,0,5,2,1,2,1
48,2014481784,481784,1,0,1,53,0,3,8,2014,1,20,48,3,SR-29,,30.75743056,-98.3827,11,0,1,1,0,1,2,1,1,0
48,2014481785,481785,3,0,3,201,3280,3,8,2014,1,6,24,2,US-59 SOUTHWEST FWY,ELGIN ST,29.73669167,-95.3689,12,6,1,1,0,1,1,10,1,1
48,2014481786,481786,1,0,1,367,7280,3,8,2014,1,13,40,1,I-20,,32.72960278,-97.7895,57,0,19,1,0,3,1,1,1,0
48,2014481787,481787,2,0,2,403,0,3,8,2014,1,9,40,8,FM 3121,,31.37624722,-93.7903,12,2,1,1,0,1,1,10,1,0
48,2014481788,481788,1,0,1,439,260,3,8,2014,1,22,54,1,I-30 TOM LANDRY FWY,,32.75965556,-97.1324,42,0,5,1,1,4,3,1,1,0
48,2014481789,481789,2,0,3,29,0,4,8,2014,2,16,19,3,SR-211,SR-16 BANDERA RD,29.61834722,-98.785,1,0,2,3,0,1,1,10,1,1
48,2014481790,481790,1,0,1,71,0,4,8,2014,2,4,17,3,SR-124 GULFWAY DRIVE,,29.79978889,-94.3834,32,0,1,1,0,4,2,1,1,1
48,2014481791,481791,3,0,4,113,2800,4,8,2014,2,0,7,3,SR-161,,32.77423889,-97.0276,14,0,1,1,1,2,2,1,1,1
48,2014481792,481792,1,0,1,121,1840,4,8,2014,2,9,25,8,FM428 SHERMAN DR,,33.23983611,-97.122,30,0,1,1,0,4,1,1,1,0
48,2014481793,481793,1,0,1,199,0,4,8,2014,2,13,2,8,FM770,,30.33103611,-94.3992,42,0,1,1,0,4,1,1,1,0
48,2014481794,481794,2,0,2,471,0,4,8,2014,2,18,26,2,US-190,,30.70958611,-95.4253,12,1,1,1,0,2,1,1,1,0
48,2014481795,481795,1,0,1,481,0,4,8,2014,2,14,55,3,SR-60,,29.45298333,-96.0706,1,0,1,1,0,4,1,10,1,0
48,2014481796,481796,3,0,6,9,0,5,8,2014,3,11,58,2,US-82/277,,33.73749722,-98.9097,12,8,1,1,0,1,1,1,4,1
48,2014481797,481797,1,1,1,29,6090,5,8,2014,3,22,40,8,FM78 OLD SEGUIN RD,SPRINGFIELD RD,29.46256111,-98.3998,8,0,2,3,0,1,2,1,1,0
48,2014481798,481798,1,0,1,35,0,5,8,2014,3,23,20,8,FM 2136,,31.81668333,-97.6396,38,0,1,1,0,5,2,10,1,1
48,2014481799,481799,1,0,1,113,3420,5,8,2014,3,5,48,3,SR-12 WALTON WALKER BLVD,,32.79838611,-96.9212,1,0,1,1,0,4,3,1,1,0
48,2014481800,481800,1,0,1,225,0,5,8,2014,3,15,50,8,FM 2781,,31.31240556,-95.2012,1,0,1,1,0,4,1,1,1,0
48,2014481801,481801,2,0,2,291,3980,5,8,2014,3,5,39,8,FM563 WALLISVILLE RD,,30.019125,-94.777,12,1,1,1,0,1,2,1,1,0
48,2014481802,481802,2,0,2,339,0,5,8,2014,3,11,40,8,FM149,,30.44519722,-95.6981,12,8,1,1,0,1,1,1,1,0
48,2014481803,481803,2,0,2,453,330,5,8,2014,3,13,28,5,ANDERSON MILL RD,,30.44903889,-97.7895,12,2,8,1,0,1,1,1,1,0
48,2014481804,481804,1,0,4,493,0,5,8,2014,3,8,45,8,FM1303,,29.18106111,-98.2599,1,0,1,1,0,4,1,1,1,0
48,2014481805,481805,3,0,7,13,0,6,8,2014,4,13,59,1,I-35,,29.21425278,-98.8045,30,0,1,1,0,3,1,1,1,0
48,2014481806,481806,2,0,3,41,1440,6,8,2014,4,4,33,8,FM2818 HARVEY MITCHELL PKWY,,30.59201389,-96.3542,12,1,1,1,0,1,3,10,1,1
48,2014481807,481807,2,0,3,201,0,6,8,2014,4,10,5,2,US-90 CROSBY FWY,,29.87515556,-95.0747,12,6,1,1,0,1,1,1,1,0
48,2014481808,481808,1,0,3,249,0,6,8,2014,4,0,42,2,US-281,,27.33363333,-98.127,32,0,1,1,0,3,2,1,1,0
48,2014481809,481809,1,0,4,283,0,6,8,2014,4,6,28,7,I-35,,28.03206389,-99.3559,32,0,1,1,0,10,2,1,1,0
48,2014481810,481810,3,0,5,439,260,6,8,2014,4,2,30,1,I-20 RONALD REAGAN MEMORIAL HW,,32.67735556,-97.0819,12,1,1,1,0,1,2,1,1,1
48,2014481811,481811,1,0,3,441,30,6,8,2014,4,23,3,8,BU83D,,32.38520556,-99.7404,1,0,5,1,0,3,3,1,1,1
48,2014481812,481812,1,1,1,31,0,7,8,2014,5,21,22,2,US-281,,29.95121389,-98.4103,8,0,1,1,1,1,2,1,1,0
48,2014481813,481813,2,0,2,427,5780,10,4,2014,5,14,56,2,US-83,,26.36899444,-98.7958,12,6,8,1,0,1,1,1,1,0
48,2014481814,481814,1,0,2,309,7210,28,6,2014,7,19,51,5,23RD ST,,31.55828333,-97.1635,5,0,1,1,0,1,1,10,1,0
48,2014481815,481815,1,0,1,485,7490,17,7,2014,5,10,18,8,SS447 KELL BLVD,,33.90118333,-98.4886,42,0,1,1,0,4,1,10,1,0
48,2014481816,481816,2,0,3,41,1440,22,7,2014,3,9,43,3,SR-6 EARL RUDDER,,30.60693611,-96.2898,12,1,17,1,0,1,1,1,1,0
48,2014481817,481817,3,0,4,135,5030,23,7,2014,4,21,39,2,US-385 GRANT AVE,8TH ST,31.85108333,-102.372,12,6,2,2,0,1,3,1,1,0
48,2014481818,481818,4,0,10,215,1970,30,7,2014,4,15,55,2,US-83,,26.18128611,-98.0507,12,1,1,1,0,1,1,1,1,0
48,2014481819,481819,1,1,1,339,0,3,8,2014,1,21,15,4,CR-WHITE OAK ORCHARD RD,,30.31773333,-95.298,8,0,1,1,0,1,2,1,1,0
48,2014481820,481820,2,0,3,217,0,7,8,2014,5,16,19,8,FM339,,31.78799167,-96.9313,12,2,1,1,0,1,1,10,1,0
48,2014481821,481821,2,0,2,439,2450,7,8,2014,5,2,17,1,I-35/US-287 NORTH FWY,,32.80279167,-97.3189,12,1,1,1,0,1,3,1,1,0
48,2014481822,481822,1,1,1,29,6090,8,8,2014,6,0,36,1,I-10/US-287,,29.55981667,-98.5899,8,0,1,1,1,1,3,1,1,0
48,2014481823,481823,6,0,12,201,0,8,8,2014,6,22,30,1,I-10 EAST FWY,,29.793425,-95.0765,12,1,1,1,1,2,2,10,1,1
48,2014481824,481824,4,0,5,201,3280,8,8,2014,6,10,40,5,BRAESWOOD BLVD,CHIMNEY ROCK RD,29.67671667,-95.4769,12,1,3,2,0,1,1,1,1,0
48,2014481825,481825,4,0,5,237,0,8,8,2014,6,17,0,2,US-281,US-380,33.19008056,-98.1351,12,6,2,3,0,1,1,10,1,0
48,2014481826,481826,2,0,2,265,0,8,8,2014,6,13,29,4,CR-LANE VALLEY RD,,29.92126944,-98.9614,12,2,1,1,0,1,1,1,1,0
48,2014481827,481827,1,0,2,401,0,8,8,2014,6,13,20,3,SR-323,,32.19551667,-94.8564,42,0,1,1,0,4,1,1,1,0
48,2014481828,481828,3,0,3,439,260,8,8,2014,6,0,11,5,MANSFIELD WEBB RD,,32.63156667,-97.0811,12,1,1,1,0,1,2,1,1,2
48,2014481829,481829,2,0,3,441,0,8,8,2014,6,18,11,8,FM 89 BUFFALO GAP RD,,32.34586389,-99.7908,12,8,1,1,0,1,1,1,1,1
48,2014481830,481830,1,0,1,3,0,9,8,2014,7,19,55,2,US-385,,32.28330556,-102.535,1,0,1,1,0,10,1,1,1,1
48,2014481831,481831,1,0,1,3,0,9,8,2014,7,17,54,3,SR-115 KERMIT HWY,,32.29196667,-102.607,1,0,1,1,0,4,1,1,1,1
48,2014481832,481832,1,2,1,29,6090,9,8,2014,7,21,25,5,SOMERSET RD,,29.36488889,-98.5427,8,0,1,1,0,1,2,1,1,0
48,2014481833,481833,1,0,1,113,1730,9,8,2014,7,2,0,1,I-635 LBJ FWY,,32.90209444,-96.7207,52,0,1,1,0,10,2,1,1,0
48,2014481834,481834,1,0,3,147,6805,9,8,2014,7,12,5,8,FM 273,,33.78193889,-96.0164,1,0,1,1,0,1,1,1,1,1
48,2014481835,481835,2,0,4,209,6170,9,8,2014,7,19,35,8,FM 2439 HUNTER RD,BAR B Q WAY,29.85474444,-97.9721,12,6,2,3,0,1,1,1,1,0
48,2014481836,481836,1,0,1,213,6314,9,8,2014,7,7,34,8,FM 85 CEDAR CREEK PKWY,CR-2139,32.32295,-96.2662,32,0,1,1,0,4,1,1,1,0
48,2014481837,481837,1,0,2,265,0,9,8,2014,7,23,40,3,SR-39,,30.06328056,-99.3413,30,0,1,1,0,4,2,1,1,1
48,2014481838,481838,1,0,1,309,0,9,8,2014,7,2,41,4,CR-CHAPMAN RD,,31.60369167,-97.3501,43,0,1,1,0,4,2,1,1,1
48,2014481839,481839,2,0,2,439,2450,9,8,2014,7,12,8,1,I-35 SOUTH FWY RAMP,,32.75645833,-97.3194,12,6,20,1,0,1,1,1,1,0
48,2014481840,481840,1,0,1,439,2450,9,8,2014,7,7,50,5,GOLDEN TRIANGLE BLVD,,32.928075,-97.3242,33,0,1,1,0,4,1,1,1,0
48,2014481841,481841,2,0,4,451,6080,9,8,2014,7,22,29,3,SR-208/19TH ST,MARX ST,31.48210278,-100.442,12,6,2,2,0,1,3,1,1,0
48,2014481842,481842,2,0,7,491,2620,9,8,2014,7,8,57,3,SR-195,SHELL RD,30.72573056,-97.6722,12,6,2,2,1,1,1,1,2,0
48,2014481843,481843,2,0,2,97,0,10,8,2014,1,23,52,1,I-35,,33.71743889,-97.161,12,2,1,1,0,1,2,1,1,0
48,2014481844,481844,2,0,6,167,3920,10,8,2014,1,20,28,8,FM 646,OHIO AVE,29.48521111,-95.0631,12,6,2,2,0,1,3,1,6,1
48,2014481845,481845,1,0,1,197,0,10,8,2014,1,21,20,8,SL 285,,34.31918889,-99.8278,1,0,1,1,0,1,2,10,1,0
48,2014481846,481846,1,1,1,201,3280,10,8,2014,1,15,15,5,HILLCROFT AVE,,29.7111,-95.4932,8,0,1,1,0,1,1,1,1,0
48,2014481847,481847,1,1,2,325,0,10,8,2014,1,3,0,7,I-35,,29.19171944,-98.8342,8,0,1,1,0,1,2,1,1,0
48,2014481848,481848,2,0,2,339,7500,10,8,2014,1,13,10,1,I-45,,30.48540278,-95.4947,14,0,19,1,0,2,1,1,1,0
48,2014481849,481849,1,0,3,453,330,10,8,2014,1,21,25,1,I-35,,30.15382778,-97.7914,25,0,1,1,0,4,2,1,1,1
48,2014481850,481850,1,0,2,215,4197,11,8,2014,2,0,12,5,DAFFODIL AVE,31ST ST,26.23433333,-98.2512,5,0,3,3,0,1,3,1,1,1
48,2014481851,481851,1,0,3,283,0,11,8,2014,2,5,50,8,FM 624,,28.33737778,-99.1249,32,0,1,1,0,4,2,1,1,0
48,2014481852,481852,2,0,3,467,0,11,8,2014,2,17,50,3,SR-19 TRADE DAYS BLVD,,32.62758056,-95.8466,12,2,1,1,0,1,1,10,1,0
48,2014481853,481853,2,0,2,29,0,12,8,2014,3,8,35,2,US-90W,,29.37645278,-98.7296,12,98,8,1,0,1,1,1,1,0
48,2014481854,481854,2,0,2,59,0,12,8,2014,3,18,0,1,I-20,,32.37868333,-99.1305,12,2,1,1,0,1,1,1,1,0
48,2014481855,481855,1,0,1,71,7555,12,8,2014,3,8,8,8,FM 1663,HAMSHIRE RD,29.85860833,-94.3843,34,0,3,3,0,4,1,1,1,0
48,2014481856,481856,2,0,4,135,0,12,8,2014,3,8,45,8,SL-338 JOHN BEN SHEPPERD PKWY,CR-YUKON,31.92294444,-102.348,12,6,2,2,0,1,1,1,1,0
48,2014481857,481857,2,0,2,185,0,12,8,2014,3,22,29,8,FM 1774,,30.31324722,-95.8415,12,2,1,1,0,1,2,1,1,1
48,2014481858,481858,2,0,3,201,3280,12,8,2014,3,19,40,5,JOHN F. KENNEDY BLVD,WORLD HOUSTON PKWY,29.94616944,-95.3314,12,6,2,3,0,1,1,10,1,0
48,2014481859,481859,1,0,3,227,0,12,8,2014,3,11,15,1,I-20,,32.2224,-101.572,1,0,1,1,1,3,1,1,1,0
48,2014481861,481861,2,0,5,215,0,8,8,2014,6,23,35,4,CR-VICTORIA RD,,26.18116111,-98.0278,12,1,1,1,0,1,2,1,1,1
48,2014481862,481862,1,0,1,299,0,12,8,2014,3,0,1,3,SR-16,,30.89479444,-98.6607,31,0,1,1,0,4,2,1,1,0
48,2014481863,481863,1,0,1,321,0,12,8,2014,3,0,31,8,FM 2031,,28.67174444,-95.9638,43,0,1,1,0,4,2,1,1,1
48,2014481864,481864,1,0,3,339,1510,12,8,2014,3,7,25,1,I-45,,30.35817222,-95.4846,30,0,5,1,0,4,1,1,1,1
48,2014481865,481865,2,0,3,453,330,12,8,2014,3,18,57,8,FM 734 PARMER LN,SAMSUNG BLVD,30.37582222,-97.6317,12,6,2,2,0,1,1,1,1,0
48,2014481866,481866,1,0,2,73,0,13,8,2014,4,5,0,3,SR-135,,32.01469444,-95.215,1,0,1,1,0,4,2,1,1,0
48,2014481867,481867,2,0,2,291,1770,13,8,2014,4,5,53,3,SR-321 CLEVELAND ST,CR-668,30.08066944,-94.9117,12,6,1,1,0,1,2,1,1,0
48,2014481868,481868,2,0,2,303,4140,13,8,2014,4,13,52,2,US-84,LOOP 289,33.61651111,-101.891,12,6,2,2,0,1,1,1,1,0
48,2014481869,481869,1,0,2,339,1510,13,8,2014,4,20,25,8,SL 336,,30.28394444,-95.4437,24,0,1,1,0,4,2,1,2,0
48,2014481870,481870,1,1,1,439,260,13,8,2014,4,0,10,1,I-30 TOM LANDRY FWY,,32.7597,-97.0669,8,0,1,1,0,1,3,1,1,0
48,2014481871,481871,3,1,3,439,2450,13,8,2014,4,4,40,7,I-35 SOUTH FWY,,32.63970833,-97.321,8,0,1,1,0,1,3,1,1,0
48,2014481872,481872,2,0,3,67,0,14,8,2014,5,7,4,2,US-59,,33.28665278,-94.153,12,6,7,1,0,1,1,1,1,0
48,2014481873,481873,1,0,1,187,0,14,8,2014,5,17,21,1,I-10,,29.61660833,-97.7993,57,0,1,1,0,3,1,1,1,0
48,2014481874,481874,2,0,4,329,4560,14,8,2014,5,12,56,3,SR-349,,31.95302778,-102.247,12,6,8,1,0,1,1,1,1,0
48,2014481875,481875,2,0,2,29,3942,15,8,2014,6,18,8,3,SR-16 BANDARA RD,WURZBACH RD,29.48443056,-98.6046,12,6,2,2,0,1,1,1,1,0
48,2014481876,481876,1,0,1,39,0,15,8,2014,6,13,7,4,CR-400 BRAZOS RIVER RD,,28.99146667,-95.4441,18,0,1,1,0,4,1,10,1,0
48,2014481877,481877,1,0,1,85,0,15,8,2014,6,23,53,8,FM546,,33.12633889,-96.5247,1,0,1,1,0,4,2,1,1,0
48,2014481878,481878,1,1,1,201,3280,15,8,2014,6,20,45,5,TELEPHONE RD,HILLMAN ST,29.72833056,-95.3259,8,0,3,4,0,1,3,1,1,0
48,2014481879,481879,1,1,1,167,3220,16,8,2014,7,17,30,8,FM2004,,29.35902222,-95.0306,8,0,1,1,0,4,1,1,1,1
48,2014481880,481880,1,0,4,201,3280,16,8,2014,7,15,58,5,CALHOUN RD,,29.69369167,-95.3485,42,0,1,1,0,4,1,1,1,1
48,2014481881,481881,2,0,2,201,3890,16,8,2014,7,19,30,3,SR-146,,29.64752222,-95.0301,12,1,18,1,0,1,1,1,1,0
48,2014481882,481882,2,0,2,209,0,16,8,2014,7,22,25,8,RM 1826,,30.17281944,-97.9345,12,2,1,1,0,1,2,1,1,1
48,2014481883,481883,1,0,1,235,0,16,8,2014,7,8,20,2,US-67,,31.13840278,-101.158,38,0,1,1,0,5,1,10,1,1
48,2014481884,481884,1,0,5,367,0,16,8,2014,7,15,40,8,FM 3325/FARMER RD,,32.81718056,-97.5998,1,0,1,1,1,4,1,2,1,0
48,2014481885,481885,2,0,3,419,0,16,8,2014,7,14,25,3,SR-87,,31.84568889,-94.3385,12,2,1,1,0,1,1,1,1,0
48,2014481886,481886,1,1,1,29,6090,17,8,2014,1,20,33,5,ZARZAMORA ST,,29.42514722,-98.5274,8,0,1,1,0,1,3,1,1,0
48,2014481887,481887,1,0,3,113,2590,17,8,2014,1,5,30,1,I-635,,32.8726,-96.6801,30,0,1,1,0,10,3,10,1,0
48,2014481888,481888,2,0,8,243,0,17,8,2014,1,10,51,3,SR-17,,30.78564444,-103.735,12,8,1,1,0,1,1,1,1,0
48,2014481889,481889,2,0,4,257,0,17,8,2014,1,19,43,8,FM 2727,CR-143,32.59945,-96.2617,12,2,2,3,0,1,1,1,1,2
48,2014481890,481890,2,0,2,439,2450,17,8,2014,1,11,0,8,FM 1187,,32.5777,-97.3165,12,2,1,1,0,1,1,2,1,0
48,2014481891,481891,1,0,2,477,880,17,8,2014,1,19,9,3,SR-36,,30.17170556,-96.425,58,0,1,1,0,4,1,1,2,0
48,2014481892,481892,2,0,3,39,0,18,8,2014,2,23,24,4,CR-25,,29.184125,-95.6189,12,1,1,1,0,1,2,1,1,2
48,2014481893,481893,2,0,3,61,940,18,8,2014,2,9,42,8,FM 3248,PABLO KISEL BLVD,25.97934444,-97.5046,12,6,2,2,0,1,1,10,1,0
48,2014481894,481894,1,0,1,91,0,19,8,2014,3,13,40,4,CR-CREEKWOOD PASS RD,,29.82174167,-98.3698,42,0,1,1,0,4,1,1,1,0
48,2014481895,481895,2,0,3,111,0,19,8,2014,3,6,28,8,FM 1727,,36.07956667,-102.623,12,2,1,1,0,1,2,1,1,0
48,2014481896,481896,1,1,3,113,1730,19,8,2014,3,18,50,8,SL 12 GREAT TRINITY FOREST WAY,,32.71226111,-96.6854,8,0,1,1,0,1,1,1,1,0
48,2014481897,481897,1,1,1,121,1840,19,8,2014,3,19,33,8,FM 2449,,33.17691111,-97.21,9,0,1,1,0,2,1,1,1,0
48,2014481898,481898,3,0,4,153,0,19,8,2014,3,19,45,2,US-62 / SR-207 RALLS HWY,CR-352,33.83352778,-101.383,12,1,1,1,0,1,6,1,2,0
48,2014481899,481899,4,0,6,201,0,19,8,2014,3,11,19,8,FM 1960 HUMBLE HUFFMAN RD,,29.99932222,-95.2074,12,8,1,1,0,1,1,1,1,0
48,2014481900,481900,2,0,1,303,4140,19,8,2014,3,2,35,5,49TH ST,,33.54973611,-101.862,14,0,1,1,0,7,2,1,1,1
48,2014481901,481901,1,0,1,339,3280,19,8,2014,3,10,55,1,I-69 RAMP EASTEX FWY,,30.05771667,-95.2503,30,0,5,1,0,8,1,1,1,0
48,2014481902,481902,2,0,2,85,2520,20,8,2014,4,13,23,3,SR-121 SAM RAYBURN TOLLROAD,COIT RD,33.11293889,-96.7682,12,6,2,2,0,1,1,1,1,0
48,2014481903,481903,1,0,2,201,0,20,8,2014,4,0,7,4,CR-MORTON RD,,29.81508611,-95.7312,33,0,1,1,0,4,3,1,1,1
48,2014481904,481904,1,1,2,325,0,20,8,2014,4,3,0,2,US-90,,29.36017778,-98.8216,8,0,1,1,0,1,2,10,1,0