STATE,YEAR_ST_CASE,ST_CASE,VE_TOTAL,PEDS,PERSONS,COUNTY,CITY,DAY,MONTH,YEAR,DAY_WEEK,HOUR,MINUTE,ROUTE,TWAY_ID,TWAY_ID2,LATITUDE,LONGITUD,HARM_EV,MAN_COLL,RELJCT2,TYP_INT,WRK_ZONE,REL_ROAD,LGT_COND,WEATHER,FATALS,DRUNK_DR
48,2014481905,481905,1,0,1,415,0,20,8,2014,4,8,37,4,CR-4153,,32.63638333,-100.708,1,0,1,1,0,4,2,1,1,1
48,2014481906,481906,2,0,2,201,0,21,8,2014,5,11,48,4,CR-WILL CLAYTON PKWY,CR-SILVER BEND DR,29.97778333,-95.2063,12,6,2,2,0,1,1,1,1,0
48,2014481907,481907,2,0,2,439,3347,21,8,2014,5,22,0,5,PIPELINE RD,HURSTVIEW DR,32.82365278,-97.1793,12,6,2,2,0,1,3,1,1,0
48,2014481908,481908,1,0,2,61,0,22,8,2014,6,17,0,3,SR-4 BOCA CHICA BLVD,,25.94763056,-97.3482,42,0,1,1,0,5,1,1,1,0
48,2014481909,481909,1,0,2,157,0,22,8,2014,6,5,2,8,FM2759,,29.55971667,-95.6912,1,0,1,1,0,1,2,1,1,0
48,2014481910,481910,1,0,1,201,3280,22,8,2014,6,21,55,7,I-610 TURNING BASIN DR,,29.75207222,-95.2655,1,0,1,1,0,1,3,1,1,0
48,2014481911,481911,1,0,3,259,0,22,8,2014,6,6,30,1,I-10,,29.95376111,-98.8848,1,0,1,1,0,10,4,1,1,0
48,2014481912,481912,2,0,2,467,0,22,8,2014,6,8,0,8,FM 17,,32.634,-95.771,12,2,1,1,0,1,1,1,1,0
48,2014481913,481913,3,0,4,201,3280,23,8,2014,7,11,24,5,MAGNOLIA LN,FOREST COVE,30.03471111,-95.239,12,6,2,2,0,1,1,1,1,0
48,2014481914,481914,2,0,2,329,4560,23,8,2014,7,2,27,3,SR-191/ANDREWS HWY,,31.98697222,-102.2,1,0,1,1,0,3,3,1,1,1
48,2014481915,481915,1,0,1,29,6090,24,8,2014,1,19,37,1,I-410/LOOP 410,,29.32305556,-98.4333,30,0,19,1,0,3,1,1,1,0
48,2014481916,481916,2,0,3,201,0,24,8,2014,1,20,45,4,CR-LOUETTA RD,,30.03645556,-95.4956,12,1,8,1,0,1,3,1,1,1
48,2014481917,481917,2,0,2,201,3280,24,8,2014,1,0,30,1,I-10/EAST FWY,,29.77080556,-95.186,12,1,1,1,0,1,3,1,1,0
48,2014481918,481918,2,0,4,265,3670,24,8,2014,1,18,19,3,SR-27/JUNCTION HWY,,30.06555,-99.1777,12,6,1,1,0,1,1,1,3,0
48,2014481919,481919,2,0,3,303,4140,24,8,2014,1,7,59,5,82ND ST,AKRON AVE,33.51976667,-101.874,12,6,2,3,0,1,1,1,2,0
48,2014481920,481920,2,0,3,439,2450,24,8,2014,1,0,41,1,I-35W/NORTH FWY,,32.93771944,-97.3142,12,1,1,1,0,1,2,1,1,0
48,2014481921,481921,1,0,2,439,2850,24,8,2014,1,2,13,3,SR-121 RAMP,,32.95065833,-97.0375,24,0,19,1,0,4,2,1,2,0
48,2014481922,481922,3,0,3,453,330,24,8,2014,1,5,53,5,CONGRESS AVE,WOODWARD ST,30.22961111,-97.7602,12,1,3,2,0,1,3,1,1,0
48,2014481923,481923,1,0,1,491,6780,24,8,2014,1,3,33,3,SR-79,,30.56730556,-97.4372,1,0,18,1,0,1,3,1,1,1
48,2014481924,481924,1,1,1,29,6090,25,8,2014,2,21,8,1,I-410/SR-16 CONNALY LOOP,,29.39817778,-98.6496,8,0,1,1,0,1,3,1,1,0
48,2014481925,481925,1,0,1,339,0,25,8,2014,2,12,14,8,FM 149,,30.33819444,-95.6975,1,0,1,1,0,4,1,1,1,0
48,2014481926,481926,1,0,3,471,0,25,8,2014,2,14,50,1,I-45,,30.612375,-95.5062,1,0,1,1,0,4,1,1,2,0
48,2014481927,481927,2,0,5,201,3280,26,8,2014,3,6,0,5,CHIMNEY ROCK RD,BRAESWOOD BLVD,29.67810556,-95.4765,12,6,2,2,0,1,6,1,1,0
48,2014481928,481928,2,0,2,169,0,27,8,2014,4,10,23,2,US-84,,33.04351944,-101.203,12,6,8,1,0,3,1,1,1,0
48,2014481929,481929,1,0,2,371,0,27,8,2014,4,6,45,8,FM 1053,,31.01684722,-102.819,32,0,1,1,0,4,2,1,1,0
48,2014481930,481930,1,0,1,313,0,29,8,2014,6,0,50,1,I-45,,31.05621111,-95.9484,1,0,1,1,0,4,2,1,1,0
48,2014481931,481931,1,0,1,457,0,29,8,2014,6,6,40,2,US-69,,30.68304722,-94.3931,32,0,1,1,0,4,4,1,1,0
48,2014481932,481932,2,0,2,201,0,30,8,2014,7,0,0,9,SL 8 SAM HOUSTON TOLLWAY,,29.93724167,-95.5063,12,1,1,1,0,1,3,10,1,1
48,2014481933,481933,3,1,3,201,3280,30,8,2014,7,22,9,1,I-10 EAST FWY,,29.76994444,-95.3509,8,0,1,1,0,1,3,1,1,1
48,2014481934,481934,1,0,1,201,3280,31,8,2014,1,3,30,8,SS 5 (SPUR 5 HWY),UA 90 OLD SPANISH TRAIL,29.70975278,-95.3329,35,0,3,3,0,4,3,10,1,1
48,2014481935,481935,2,0,2,453,0,3,8,2014,1,19,55,8,FM 3238,LONGHORN SKYWAY,30.28736944,-98.0528,12,6,2,3,0,1,5,10,1,0
48,2014481936,481936,1,1,2,201,3890,5,8,2014,3,21,55,5,SENS RD,,29.67966111,-95.0467,9,0,1,1,0,1,2,10,1,1
48,2014481937,481937,1,1,1,453,330,7,8,2014,5,20,32,7,I-35 SERVICE RD,RUTHERFORD LN,30.34361944,-97.6968,32,0,3,3,0,4,1,1,1,1
48,2014481938,481938,1,0,2,201,0,8,8,2014,6,23,15,8,SL-8,,29.81237222,-95.1637,25,0,1,1,0,3,3,1,2,1
48,2014481939,481939,3,0,2,453,0,9,8,2014,7,22,22,4,CR-CAMBOURNE DR,,30.41536667,-97.649,14,0,1,1,0,4,3,1,1,1
48,2014481940,481940,1,1,4,61,6110,10,8,2014,1,3,40,7,US-77/83/69,,26.14903889,-97.6669,8,0,1,1,0,1,3,1,1,0
48,2014481941,481941,2,0,2,99,0,19,8,2014,3,20,36,3,SR-36,,31.29688056,-97.5961,12,6,1,1,0,1,2,1,1,1
48,2014481942,481942,2,0,2,183,0,19,8,2014,3,17,17,3,SR-31,,32.38024167,-94.9554,12,2,1,1,0,1,1,1,1,0
48,2014481943,481943,2,0,2,201,3280,20,8,2014,4,19,16,7,SL 8 SAM HOUSTON PKWY,ROCKWELL BLVD,29.609375,-95.4838,12,6,2,2,0,1,3,1,1,0
48,2014481944,481944,1,0,1,209,0,20,8,2014,4,0,19,4,CR-1492,,29.97500833,-98.0941,42,0,1,1,0,4,2,1,1,0
48,2014481945,481945,2,0,11,131,0,21,8,2014,5,3,56,2,US-59,,27.85527778,-98.7143,12,6,1,1,0,1,2,1,2,0
48,2014481946,481946,1,1,1,201,0,21,8,2014,5,6,20,4,CR-VETERANS MEMORIAL DR,WILSHIRE PARK DR,29.91534722,-95.4428,8,0,3,3,0,1,4,1,1,0
48,2014481947,481947,2,0,2,201,3450,22,8,2014,6,0,45,5,FIDELITY RD,MARKET ST,29.76820278,-95.2561,38,0,3,3,0,5,3,1,2,0
48,2014481948,481948,1,0,1,93,0,23,8,2014,7,5,37,3,SR-16,,31.73651944,-98.5237,11,0,1,1,0,1,2,1,1,0
48,2014481949,481949,2,0,3,239,0,23,8,2014,7,20,28,8,FM 234,,28.9424,-96.7416,12,6,1,1,0,1,2,1,1,0
48,2014481950,481950,1,0,8,313,0,23,8,2014,7,16,17,1,I-45,,30.97647778,-95.8934,1,0,1,1,0,10,1,1,2,0
48,2014481951,481951,1,0,2,477,0,23,8,2014,7,15,40,8,FM1948,,30.28302778,-96.5836,1,0,1,1,0,4,1,1,1,0
48,2014481952,481952,2,0,2,203,0,24,8,2014,1,4,45,1,I-20,,32.46229444,-94.6516,24,0,1,1,0,3,2,1,1,1
48,2014481953,481953,2,0,5,331,0,24,8,2014,1,11,15,2,US-190,,30.87719722,-97.14,12,6,1,1,1,2,1,1,1,0
48,2014481954,481954,1,0,1,39,0,25,8,2014,2,18,22,8,FM 523,,29.07279167,-95.3602,1,0,1,1,0,4,9,99,1,1
48,2014481955,481955,1,1,1,113,1730,26,8,2014,3,5,10,8,SL12 LEDBETTER DR,KILDARE AVE,32.68546667,-96.793,8,0,2,3,0,1,3,1,1,0
48,2014481956,481956,1,0,1,113,3420,26,8,2014,3,17,0,7,SR-183 AIRPORT FWY,,32.83683056,-96.9411,1,0,1,1,0,1,1,1,1,1
48,2014481957,481957,1,0,4,121,0,26,8,2014,3,18,21,4,CR-VIEW RD,,33.40471944,-97.1931,30,0,1,1,0,4,1,1,3,1
48,2014481958,481958,1,0,1,493,0,26,8,2014,3,21,40,3,SR-97,,29.086375,-98.2067,38,0,1,1,0,5,2,1,1,0
48,2014481959,481959,1,0,1,297,0,27,8,2014,4,5,51,1,I-37,,28.19601389,-97.8873,57,0,1,1,0,3,2,1,1,0
48,2014481960,481960,1,0,1,423,0,27,8,2014,4,1,0,8,FM14,,32.39715,-95.2824,42,0,1,1,0,5,2,1,1,0
48,2014481961,481961,2,0,3,65,0,28,8,2014,5,20,50,1,I-40,,35.20753056,-101.314,12,6,7,1,0,1,2,1,1,0
48,2014481962,481962,1,0,1,89,0,28,8,2014,5,10,38,3,SR-71,,29.50020556,-96.4218,1,0,1,1,0,4,1,1,1,0
48,2014481963,481963,2,0,2,113,1730,28,8,2014,5,23,16,3,SR-352 SCYENE RD,,32.76491389,-96.714,12,6,1,1,0,1,2,1,1,0
48,2014481964,481964,2,0,2,235,0,28,8,2014,5,5,45,2,US-67,,31.16214444,-101.101,12,1,1,1,0,1,2,1,1,0
48,2014481965,481965,2,0,7,113,1730,29,8,2014,6,21,30,5,WHEATLAND RD,,32.64746944,-96.8676,12,6,8,1,0,1,3,1,1,1
48,2014481966,481966,1,0,1,375,0,29,8,2014,6,21,13,4,CR-N PARK CIR,CR-E PARK CIR,35.39986389,-101.854,1,0,3,10,0,4,2,1,1,1
48,2014481967,481967,1,0,1,181,0,30,8,2014,7,2,20,4,CR-ROCK CREEK RD,,33.85411111,-96.8965,1,0,1,1,0,4,2,1,1,1
48,2014481968,481968,2,0,2,201,3280,30,8,2014,7,21,44,5,GENOA RED BLUFF RD,,29.63095556,-95.1504,33,0,1,1,0,4,3,10,1,1
48,2014481969,481969,1,0,1,375,150,30,8,2014,7,13,46,1,I-40,,35.19498333,-101.868,25,0,1,1,0,3,1,1,1,1
48,2014481970,481970,1,0,1,453,330,30,8,2014,7,5,19,2,US-290,,30.32166944,-97.6856,30,0,1,1,0,3,3,1,1,1
48,2014481971,481971,1,1,1,29,6090,31,8,2014,1,22,16,5,COMMERCE ST,23RD ST,29.42945,-98.5411,8,0,3,3,0,1,2,1,1,0
48,2014481972,481972,1,0,1,97,2550,31,8,2014,1,11,16,1,I-35,,33.61365,-97.1489,24,0,1,1,0,4,1,1,1,0
48,2014481973,481973,1,0,6,113,1730,31,8,2014,1,21,9,5,BONNIE VIEW RD,,32.62619444,-96.7508,33,0,1,1,0,4,3,1,6,1
48,2014481974,481974,2,0,2,201,0,31,8,2014,1,1,50,4,CR-GRANT RD,CR-QUAIL FOREST DR,29.99231111,-95.6208,12,6,2,3,0,1,3,1,1,1
48,2014481975,481975,1,0,1,203,0,31,8,2014,1,14,44,8,FM 449,,32.60773056,-94.6976,32,0,1,1,0,4,1,1,1,1
48,2014481976,481976,1,2,1,471,0,31,8,2014,1,3,23,8,FM 1696,FM 2550,30.7478,-95.7016,38,0,3,3,0,5,6,1,1,1
48,2014481977,481977,3,0,3,141,2190,19,4,2014,7,2,23,8,FM 659/ZARAGOZA RD,,31.74780556,-106.283,12,1,1,1,0,1,3,1,1,2
48,2014481978,481978,1,0,1,353,6720,23,6,2014,2,22,13,5,NEWMAN ST,,32.46498333,-100.393,35,0,1,1,0,4,2,1,1,1
48,2014481979,481979,2,0,5,85,5730,10,8,2014,1,0,34,5,PRESIDENT GEORGE BUSH TURNPIKE,,33.00371111,-96.7148,20,0,1,1,0,8,3,10,1,1
48,2014481980,481980,1,0,7,229,0,12,8,2014,3,3,40,1,I-10,,31.19218056,-105.608,1,0,1,1,0,3,2,1,1,0
48,2014481981,481981,2,0,2,201,3280,13,8,2014,4,14,55,5,BAY AREA BLVD,RESENDA DR,29.56342778,-95.1141,12,6,2,2,0,1,1,10,1,0
48,2014481982,481982,2,0,2,453,330,15,8,2014,6,3,56,5,7TH ST,PERDERNALES ST,30.26087778,-97.7137,12,6,2,2,0,1,3,1,1,1
48,2014481983,481983,2,0,5,29,4015,20,8,2014,4,16,55,1,I-35 RAMP,,29.56949444,-98.3353,12,7,20,1,0,1,1,10,1,0
48,2014481984,481984,2,1,5,355,1550,22,8,2014,6,20,51,3,SR-358 PADRE ISLAND DR,,27.76776111,-97.4687,8,0,1,1,0,1,3,1,1,0
48,2014481985,481985,2,0,5,253,0,23,8,2014,7,20,35,2,US-83,,32.55445,-99.7804,12,6,7,1,0,1,2,1,1,1
48,2014481986,481986,2,0,3,491,0,23,8,2014,7,16,27,8,FM971,,30.67169444,-97.6314,12,6,1,1,0,1,1,1,1,1
48,2014481987,481987,2,0,8,41,0,24,8,2014,1,15,42,2,US-190,,30.72903056,-96.3299,12,1,1,1,0,1,1,1,1,0
48,2014481988,481988,3,0,4,343,0,28,8,2014,5,12,11,1,I-30,,33.28138889,-94.7968,12,1,1,1,0,1,1,1,1,0
48,2014481989,481989,1,0,1,449,0,28,8,2014,5,10,0,8,FM1734,,33.19082778,-95.0927,32,0,1,1,0,4,1,1,1,0
48,2014481990,481990,3,0,3,187,2635,29,8,2014,6,10,0,3,SR-123,CR-122 GERONIMO DR,29.67568333,-97.9644,12,7,3,3,0,1,1,1,1,0
48,2014481991,481991,2,0,5,289,0,29,8,2014,6,18,7,2,US-79,,31.55638611,-95.9143,12,1,1,1,0,1,1,2,2,0
48,2014481992,481992,2,0,5,309,0,29,8,2014,6,18,15,3,SR-317 LONESTAR PKWY,BLUE CUT RD,31.34611111,-97.3691,12,6,2,2,0,1,1,10,1,1
48,2014481993,481993,1,1,2,339,0,29,8,2014,6,0,55,8,FM 1314,,30.19710278,-95.3466,8,0,1,1,0,1,2,1,1,0
48,2014481994,481994,1,0,2,109,0,31,8,2014,1,17,33,1,I-10,,31.06609167,-104.476,1,0,1,1,0,1,1,1,1,0
48,2014481995,481995,1,0,6,55,0,17,8,2014,1,4,31,3,SR-130,,29.94967778,-97.6744,1,0,1,1,0,10,2,1,1,0
48,2014481996,481996,1,1,1,499,7560,24,8,2014,1,4,36,5,CARVER,,32.95750556,-95.2822,8,0,8,1,0,98,2,10,1,1
48,2014481997,481997,1,0,1,145,0,28,8,2014,5,21,10,8,FM 434,,31.39159167,-97.0382,23,0,1,1,0,4,2,99,1,1
48,2014481999,481999,1,0,1,251,0,31,8,2014,1,8,34,8,FM 2135,,32.29228889,-97.3277,32,0,1,1,0,4,4,1,1,1
48,2014482000,482000,2,0,6,127,0,31,8,2014,1,16,28,2,US-83,,28.57941389,-99.8371,12,6,1,1,0,1,2,1,1,0
48,2014482001,482001,1,0,1,27,3690,2,2,2014,1,23,40,8,FM 439 RANCIER AVE,,31.11371944,-97.66,59,0,1,1,0,4,2,1,1,1
48,2014482002,482002,1,0,1,141,2190,4,1,2014,7,1,1,3,SR-20 MESA ST,,31.836875,-106.558,30,0,1,1,0,4,3,1,1,1
48,2014482003,482003,1,0,2,309,5770,28,6,2014,7,0,47,3,SR-6,,31.47758611,-96.9249,24,0,1,1,0,4,2,1,1,1
48,2014482004,482004,1,0,1,201,0,19,8,2014,3,12,0,4,CR-STEEPLEWAY BLVD,CR-PADDOCK WAY,29.91494722,-95.5938,42,0,3,3,0,4,1,10,1,0
48,2014482005,482005,6,0,13,141,2190,20,8,2014,4,21,14,1,I-10,,31.70226389,-106.285,12,1,18,1,1,1,3,1,2,1
48,2014482006,482006,1,0,1,471,3340,23,8,2014,7,2,40,7,I-45/US-190,,30.73001111,-95.5807,34,0,1,1,0,10,2,1,1,1
48,2014482007,482007,1,1,1,85,92,24,8,2014,1,2,11,5,STACY RD,,33.129975,-96.6723,33,0,1,1,0,4,3,1,1,1
48,2014482008,482008,1,1,1,113,1730,24,8,2014,1,22,5,7,I-35/US-67 R L THORNTON FWY,EWING AVE,32.745775,-96.8127,8,0,3,2,0,1,3,1,1,0
48,2014482009,482009,1,0,1,251,120,28,8,2014,5,12,17,7,I-35W,CR-401 BI35V,32.39396944,-97.2127,46,0,3,2,0,10,1,1,1,0
48,2014482010,482010,2,0,6,203,7260,29,8,2014,6,23,17,7,I-20,I-20 RAMP,32.46728333,-94.0585,12,6,5,1,0,1,2,10,1,0
48,2014482011,482011,2,0,7,453,0,29,8,2014,6,23,28,2,US-183/LOCKHART HWY,,30.16,-97.6942,12,1,1,1,0,1,2,1,1,0
48,2014482012,482012,1,0,1,113,2310,30,8,2014,7,4,38,5,ALPHA RD,,32.93258889,-96.8436,33,0,1,1,0,4,3,1,1,1
48,2014482013,482013,1,0,3,251,0,30,8,2014,7,13,26,2,US-67,,32.3068,-97.5426,32,0,1,1,1,4,1,1,1,0
48,2014482014,482014,2,0,3,37,0,1,9,2014,2,0,23,1,I-30,,33.4652,-94.1946,1,0,1,1,0,1,2,1,1,0
48,2014482015,482015,1,0,2,53,0,1,9,2014,2,0,38,4,CR-223,,31.00081944,-97.9528,42,0,1,1,0,5,2,10,1,1
48,2014482016,482016,1,0,2,49,0,1,9,2014,2,8,20,8,FM 1689,,31.97975,-98.8814,1,0,1,1,0,4,1,1,1,0
48,2014482017,482017,2,0,3,113,1730,1,9,2014,2,14,0,5,MARSH LN,CLOVER LN,32.87061111,-96.8561,12,6,3,3,0,1,1,1,1,0
48,2014482018,482018,1,0,1,127,0,1,9,2014,2,18,46,8,FM 133,,28.32236944,-99.5101,38,0,1,1,0,5,1,1,1,0
48,2014482019,482019,2,0,3,143,0,1,9,2014,2,16,8,2,US-281,,32.50583056,-98.1322,12,6,1,1,0,1,1,1,1,0
48,2014482020,482020,1,0,1,167,6213,1,9,2014,2,2,57,5,AVE A,,29.35898889,-95.0554,32,0,1,1,0,4,2,1,1,1
48,2014482021,482021,1,1,1,201,3280,1,9,2014,2,0,50,1,I-45 NORTH FWY,,29.80370556,-95.3725,8,0,18,1,0,1,3,1,1,0
48,2014482022,482022,2,0,2,297,0,1,9,2014,2,13,43,7,I-37,,28.37391667,-98.0507,12,2,1,1,0,1,1,1,1,0
48,2014482023,482023,1,0,1,313,0,1,9,2014,2,6,45,3,SR-75,,31.08718889,-95.9251,1,0,1,1,0,4,9,99,1,1
48,2014482024,482024,2,0,3,37,6850,2,9,2014,3,13,4,7,I-30,,33.45522222,-94.1396,24,0,1,1,0,10,1,10,2,0
48,2014482025,482025,1,0,2,113,1730,2,9,2014,3,3,25,2,US-175,,32.72151111,-96.6958,24,0,19,1,0,10,3,1,1,1
48,2014482026,482026,3,0,5,361,5100,2,9,2014,3,16,15,1,I-10,,30.11365556,-93.8136,12,1,1,1,0,1,1,1,1,0
48,2014482027,482027,1,0,1,441,30,2,9,2014,3,9,56,5,JUDGE ELY BLVD,,32.459975,-99.7059,59,0,8,1,0,4,1,1,1,0
48,2014482028,482028,1,0,1,487,0,2,9,2014,3,6,0,2,US-183/283,,33.98318611,-99.2196,59,0,1,1,0,4,2,1,1,0
48,2014482029,482029,2,0,2,199,0,3,9,2014,4,17,24,8,FM 92,AIRLINE RD,30.429925,-94.1861,12,98,2,3,0,1,1,1,1,0
48,2014482030,482030,4,0,4,201,3280,3,9,2014,4,21,0,1,I-10,,29.78465,-95.5478,45,0,1,1,2,2,3,1,1,1
48,2014482031,482031,1,1,1,201,3280,3,9,2014,4,7,12,5,LITTLE YORK RD,,29.86988056,-95.4042,8,0,1,1,0,1,1,1,1,0
48,2014482032,482032,1,1,3,201,3280,3,9,2014,4,7,40,5,NEFF ST,,29.70137222,-95.5358,8,0,1,1,0,1,1,1,1,0
48,2014482033,482033,2,0,2,257,0,3,9,2014,4,8,21,1,I-20,,32.69962778,-96.3671,12,1,1,1,0,1,1,1,1,0
48,2014482034,482034,2,0,2,285,0,3,9,2014,4,17,16,8,UA77,,29.42809444,-96.9907,12,2,1,1,0,1,1,1,1,0
48,2014482035,482035,2,0,2,337,0,3,9,2014,4,5,25,2,US-287,,33.61696667,-97.9737,12,1,1,1,0,1,2,1,1,0
48,2014482036,482036,1,0,1,441,0,3,9,2014,4,12,30,2,US-277,,32.26497222,-99.9702,24,0,1,1,0,4,1,1,1,0
48,2014482037,482037,1,1,2,487,7180,3,9,2014,4,6,2,2,US-287,,34.16264167,-99.3123,8,0,1,1,0,1,2,1,1,0
48,2014482038,482038,3,0,5,495,0,3,9,2014,4,18,18,3,SR-302,,31.87353056,-102.991,12,2,1,1,0,1,1,1,1,0
48,2014482039,482039,1,1,3,355,5420,12,4,2014,7,21,43,3,SR-361 ALISTER ST,,27.82219722,-97.0717,8,0,1,1,0,1,2,10,1,0
48,2014482040,482040,1,2,1,355,1550,6,6,2014,6,20,53,5,25TH ST,,27.77839722,-97.4192,8,0,1,1,0,1,3,1,1,1
48,2014482041,482041,2,0,2,229,0,27,7,2014,1,18,20,2,US-62/180,,31.77338056,-105.437,12,6,1,1,0,1,1,1,1,0
48,2014482042,482042,1,0,2,215,0,19,8,2014,3,2,5,4,CR-IOWA RD,,26.30863889,-98.4131,34,0,1,1,0,4,2,1,2,0
48,2014482043,482043,2,0,3,373,1560,21,8,2014,5,13,15,2,US-59,,30.97754167,-94.8264,12,1,8,1,0,1,1,1,1,0
48,2014482044,482044,2,0,6,479,0,2,9,2014,3,15,25,3,SR-359,FM 649,27.46184722,-99.0015,12,1,3,3,0,1,1,10,1,0
48,2014482046,482046,1,1,6,113,1730,4,9,2014,5,22,15,3,SR-12 BUCKNER BLVD,ELAM RD,32.71933333,-96.683,8,0,3,2,0,1,3,1,1,0
48,2014482047,482047,2,0,2,133,0,4,9,2014,5,7,45,2,US-183,,32.36856944,-98.9701,12,1,1,1,0,1,1,1,1,0
48,2014482048,482048,1,1,1,135,5030,4,9,2014,5,21,17,1,I-20,,31.83343056,-102.341,8,0,1,1,0,1,2,1,1,0
48,2014482049,482049,1,1,2,201,3280,4,9,2014,5,21,17,5,POST OAK RD,,29.66238333,-95.4641,8,0,1,1,0,3,3,1,1,0
48,2014482050,482050,1,0,1,201,3280,4,9,2014,5,23,28,1,I-45 NORTH FWY,,29.93058611,-95.4121,1,0,1,1,0,2,3,1,1,0
48,2014482051,482051,1,0,1,215,0,4,9,2014,5,7,28,8,FM 2220/WARE RD,,26.28815,-98.2491,52,0,1,1,0,4,1,1,1,1
48,2014482052,482052,2,0,3,235,0,4,9,2014,5,10,45,3,SR-163,,31.30068889,-101.162,12,6,1,1,0,4,1,1,2,0
48,2014482053,482053,2,0,3,53,0,5,9,2014,6,20,44,2,US-183,,30.9782,-98.0805,12,6,1,1,0,1,5,10,2,0
48,2014482054,482054,2,0,2,149,3790,5,9,2014,6,18,15,2,US-77/JEFFERSON ST,,29.91308056,-96.8818,12,2,1,1,0,1,1,1,1,0
48,2014482055,482055,1,0,1,201,0,5,9,2014,6,19,41,1,I-10/KATY FWY,,29.77742222,-95.4286,25,0,1,1,0,4,3,1,1,1
48,2014482056,482056,2,0,3,205,0,5,9,2014,6,15,35,2,US-87,,35.8672,-102.35,12,6,1,1,1,2,1,2,1,0
48,2014482057,482057,2,0,2,419,0,5,9,2014,6,9,34,2,US-96,FM 2140,31.67101389,-94.1626,12,6,2,3,0,1,1,1,1,0
48,2014482058,482058,2,0,3,441,30,5,9,2014,6,14,55,7,I-20,BI 20/RAMP,32.43780556,-99.6364,12,2,3,4,0,1,1,1,1,0
48,2014482059,482059,1,0,1,113,1730,6,9,2014,7,3,55,8,SL 8/WALTON WALKER BLVD,,32.76145833,-96.9159,21,0,19,1,0,10,3,1,1,1
48,2014482060,482060,2,0,5,201,3280,6,9,2014,7,2,40,7,I-45/NORTH FREEWAY,WEST RD,29.91511111,-95.4129,12,6,2,2,0,1,3,1,2,1
48,2014482061,482061,2,0,3,201,3280,6,9,2014,7,18,30,5,FONDREN RD,,29.63091944,-95.5077,10,0,6,1,0,1,1,10,1,0
48,2014482062,482062,2,0,3,231,0,6,9,2014,7,12,45,3,SR-34,,32.86992222,-96.1485,12,6,1,1,0,1,1,1,1,0
48,2014482063,482063,2,0,4,355,0,6,9,2014,7,14,45,3,SR-286 CHAPMAN RANCH RD,CR-20A PRAIRIE RD,27.66634444,-97.4544,12,6,2,2,0,1,1,10,1,0
48,2014482064,482064,1,0,1,403,0,6,9,2014,7,19,20,3,SR-21/103,,31.43036389,-93.8631,1,0,1,1,0,4,1,10,1,0
48,2014482066,482066,1,0,3,29,6090,7,9,2014,1,20,29,7,I-35,,29.36246667,-98.5218,52,0,1,1,0,10,3,1,1,1
48,2014482067,482067,1,1,1,61,3030,7,9,2014,1,5,3,8,SL499 COLONEL BILL CARD JR,,26.22396667,-97.6983,9,0,1,1,0,1,2,1,1,0
48,2014482068,482068,2,0,2,113,1730,7,9,2014,1,20,25,8,SL12 WALTON WALKER BLVD,,32.71139444,-96.9089,12,7,1,1,0,1,2,1,1,1
48,2014482069,482069,1,0,1,121,1190,7,9,2014,1,20,40,1,I-35E STEMMONS FWY,,32.98902778,-96.9394,25,0,1,1,0,10,2,1,1,0
48,2014482070,482070,1,0,1,135,0,7,9,2014,1,16,59,4,CR-HACIENDA ST,,31.82284444,-102.501,43,0,1,1,0,4,1,1,1,0
48,2014482071,482071,1,0,1,199,0,7,9,2014,1,17,59,4,CR-FRESENIUS RD,,30.36281667,-94.2157,11,0,1,1,0,1,1,10,1,0
48,2014482072,482072,1,1,5,201,3280,7,9,2014,1,11,17,2,US-59,,29.72566111,-95.473,8,0,1,1,0,1,1,1,1,0
48,2014482073,482073,1,0,5,435,0,7,9,2014,1,13,36,2,US-277,,30.41647222,-100.696,38,0,1,1,0,5,1,10,1,0
48,2014482074,482074,1,0,1,439,2450,7,9,2014,1,14,4,3,SR-121 AIRPORT FWY,,32.76850833,-97.3015,24,0,1,1,0,4,1,1,1,1
48,2014482075,482075,2,0,2,439,2450,7,9,2014,1,21,38,5,EDDERVILLE RD,,32.75868333,-97.2119,12,6,1,1,0,1,2,1,1,1