STATE,YEAR_ST_CASE,ST_CASE,VE_TOTAL,PEDS,PERSONS,COUNTY,CITY,DAY,MONTH,YEAR,DAY_WEEK,HOUR,MINUTE,ROUTE,TWAY_ID,TWAY_ID2,LATITUDE,LONGITUD,HARM_EV,MAN_COLL,RELJCT2,TYP_INT,WRK_ZONE,REL_ROAD,LGT_COND,WEATHER,FATALS,DRUNK_DR
48,2014482076,482076,1,0,1,169,0,8,9,2014,2,14,13,2,US-84,,32.98293056,-101.118,52,0,1,1,0,4,1,1,1,0
48,2014482077,482077,1,1,2,201,0,8,9,2014,2,17,55,4,CR-SEVEN MILE LN,,29.87933889,-95.349,9,0,1,1,0,1,1,10,1,0
48,2014482078,482078,2,0,2,203,0,8,9,2014,2,5,10,8,FM9,,32.51143056,-94.07,12,2,1,1,1,1,2,1,1,0
48,2014482079,482079,1,0,1,353,0,8,9,2014,2,14,1,4,CR-282 AVENUE A,,32.4771,-100.387,42,0,1,1,0,4,1,1,1,0
48,2014482081,482081,1,0,6,25,0,9,9,2014,3,18,55,5,COX ST,SANDOVAL ST,28.39109167,-97.7807,5,0,2,3,0,1,1,10,1,0
48,2014482082,482082,2,2,1,113,2800,9,9,2014,3,13,57,3,SR-161 TOLLWAY,,32.80217778,-97.0186,8,0,1,1,0,1,1,1,1,0
48,2014482084,482084,2,0,3,389,0,9,9,2014,3,16,7,1,I-20,,31.21937222,-103.908,12,1,1,1,0,1,1,1,1,0
48,2014482085,482085,1,0,1,471,0,9,9,2014,3,4,17,1,I-45,,30.67600556,-95.5198,24,0,1,1,0,4,2,1,1,0
48,2014482086,482086,1,0,1,13,0,10,9,2014,4,6,55,8,FM 476,,29.16453889,-98.6826,32,0,1,1,0,4,1,1,1,0
48,2014482087,482087,1,0,1,113,1730,10,9,2014,4,2,50,5,MAPLE AVE,,32.81483056,-96.8269,33,0,1,1,0,4,3,1,1,0
48,2014482088,482088,1,0,1,113,2800,10,9,2014,4,21,50,5,WILDLIFE PKWY,,32.77785,-97.0132,33,0,1,1,0,3,3,1,1,0
48,2014482089,482089,2,0,2,127,0,10,9,2014,4,10,30,2,US-83,,28.45814167,-99.7877,12,2,1,1,0,1,1,10,1,0
48,2014482090,482090,2,0,3,201,480,10,9,2014,4,21,59,5,MAIN ST,,29.76291111,-94.964,12,2,1,1,0,1,2,1,2,0
48,2014482091,482091,1,0,2,245,0,10,9,2014,4,12,13,8,FM365,,29.94455,-94.3247,53,0,1,1,0,4,1,1,1,0
48,2014482092,482092,1,0,2,303,0,10,9,2014,4,21,35,2,US-87,,33.48911944,-101.844,1,0,1,1,0,3,2,1,1,1
48,2014482093,482093,2,1,2,375,150,10,9,2014,4,4,4,1,I-40,,35.19305833,-101.805,8,0,1,1,0,1,3,1,1,0
48,2014482094,482094,1,0,1,465,0,10,9,2014,4,3,24,2,US-277,,30.02746111,-100.742,1,0,1,1,0,4,2,1,1,1
48,2014482095,482095,1,0,3,91,0,11,9,2014,5,23,13,8,FM32,,29.93925,-98.2057,5,0,1,1,0,1,2,1,1,0
48,2014482096,482096,2,0,2,71,0,11,9,2014,5,7,24,3,SR-124,FIG RIDGE RD,29.76901389,-94.3772,12,6,2,2,0,1,1,1,1,0
48,2014482097,482097,1,0,2,201,3280,11,9,2014,5,22,45,5,BELLFORT ST,,29.65721944,-95.4846,33,0,1,1,0,3,3,1,2,0
48,2014482098,482098,1,0,2,265,3382,11,9,2014,5,0,27,5,RIVERVIEW RD,,30.07078611,-99.2224,42,0,1,1,0,4,2,1,1,1
48,2014482099,482099,2,0,2,297,0,11,9,2014,5,4,10,3,SR-72,,28.54154167,-98.071,12,2,1,1,1,1,2,1,1,0
48,2014482100,482100,3,0,4,347,4810,11,9,2014,5,11,16,8,SL224,,31.579475,-94.6473,12,1,8,1,1,1,1,1,1,0
48,2014482101,482101,1,1,1,113,1730,12,9,2014,6,22,2,1,I-35,,32.75108333,-96.8095,8,0,18,1,0,1,3,10,1,0
48,2014482102,482102,2,0,2,127,0,12,9,2014,6,1,18,8,FM 2644,,28.48951111,-100.031,12,2,1,1,0,1,2,1,2,0
48,2014482103,482103,2,0,3,203,0,12,9,2014,6,10,9,2,US-80,PAGE RD,32.50481389,-94.6587,12,6,2,3,0,1,1,10,1,0
48,2014482104,482104,1,1,1,355,1550,12,9,2014,6,22,0,5,WALDRON RD,CASTLE PARK DR,27.65129444,-97.2931,8,0,3,3,0,1,2,10,1,0
48,2014482105,482105,1,1,4,373,0,12,9,2014,6,22,32,8,FM 3277,,30.70797222,-95.071,8,0,1,1,0,1,2,1,1,0
48,2014482106,482106,1,0,1,375,0,12,9,2014,6,7,20,3,SR-136,,35.55955,-101.639,1,0,1,1,0,4,4,2,1,0
48,2014482107,482107,1,1,5,397,5910,12,9,2014,6,21,36,8,FM 3097,ROCKWAY PKWY,32.88815278,-96.4671,8,0,2,2,0,1,3,10,1,0
48,2014482108,482108,2,0,3,449,0,12,9,2014,6,7,23,8,FM 2348,,99.9999,999.9999,12,2,1,1,0,1,1,2,1,0
48,2014482109,482109,1,0,1,85,92,13,9,2014,7,2,20,5,ALMA DR,,33.09358889,-96.7028,33,0,1,1,0,4,3,1,1,1
48,2014482110,482110,2,0,2,213,0,13,9,2014,7,22,30,8,FM 607,,32.28916944,-95.6371,12,2,1,1,0,1,2,1,1,1
48,2014482111,482111,1,0,1,201,0,13,9,2014,7,7,55,7,US-290/SR-6,,29.93519167,-95.6472,39,0,19,1,0,4,1,2,1,1
48,2014482112,482112,2,0,1,201,3280,13,9,2014,7,7,54,5,HARDY ST,LUZON ST,29.78629722,-95.352,14,0,3,2,0,7,1,10,1,0
48,2014482113,482113,1,0,1,375,0,13,9,2014,7,2,0,4,CR-ROLLING TRL,,35.29365556,-101.868,43,0,1,1,0,4,2,10,1,1
48,2014482114,482114,4,0,5,439,2850,13,9,2014,7,8,21,3,SR-114 RAMP,,32.92732222,-97.0525,12,1,20,1,0,1,1,2,1,0
48,2014482115,482115,2,0,3,453,330,13,9,2014,7,3,18,1,I-35,,30.233525,-97.7414,12,1,1,1,0,2,3,2,1,0
48,2014482116,482116,2,0,4,39,0,14,9,2014,1,5,21,8,FM 1301,,29.14705556,-95.684,12,2,1,1,0,1,2,10,3,1
48,2014482117,482117,1,0,1,49,0,9,8,2014,7,4,15,2,US-67/84,,31.72013333,-99.0534,11,0,1,1,0,1,2,1,1,0
48,2014482118,482118,1,0,1,61,3030,14,9,2014,1,23,30,1,I-69 E,,26.18447778,-97.716,59,0,1,1,0,3,3,10,1,1
48,2014482119,482119,2,1,2,113,3420,14,9,2014,1,22,42,3,SR-161,,32.86469167,-97.0038,8,0,1,1,0,1,2,10,1,0
48,2014482120,482120,1,0,1,123,0,14,9,2014,1,7,0,3,SR-119,,29.07451667,-97.6479,32,0,1,1,0,4,1,10,1,0
48,2014482121,482121,1,0,1,251,0,14,9,2014,1,10,33,4,CR-616 BRENT RD,,32.47399444,-97.1391,52,0,1,1,0,4,1,1,1,0
48,2014482122,482122,1,0,1,373,0,14,9,2014,1,10,8,4,CR-BENNY GRIFFIN RD,,30.63879444,-94.6256,1,0,1,1,0,4,1,10,1,0
48,2014482123,482123,1,0,1,423,0,14,9,2014,1,20,0,3,SR-155,,32.51186944,-95.1674,11,0,1,1,0,1,2,1,1,0
48,2014482124,482124,2,0,3,453,330,14,9,2014,1,0,5,2,US-183 BASTROP HWY,,30.22931389,-97.6827,12,6,7,1,0,1,3,10,1,0
48,2014482125,482125,2,0,2,113,6260,15,9,2014,2,7,50,5,MALLOY BRIDGE RD,,32.66758611,-96.5211,12,6,1,1,0,1,4,2,1,0
48,2014482126,482126,2,0,7,157,0,15,9,2014,2,11,0,8,FM2218,,29.49730833,-95.7983,12,2,1,1,0,1,1,1,1,0
48,2014482127,482127,2,0,2,297,0,15,9,2014,2,5,47,8,FM1358,,28.5004,-98.0776,12,6,1,1,0,1,2,1,1,0
48,2014482128,482128,1,0,2,309,7210,15,9,2014,2,2,40,1,I-35,,31.586375,-97.1095,1,0,1,1,0,10,2,10,2,1
48,2014482129,482129,2,0,3,405,0,15,9,2014,2,9,35,3,SR-21,,31.51276944,-94.0525,12,2,1,1,0,1,1,1,1,0
48,2014482130,482130,2,0,3,423,0,15,9,2014,2,9,45,8,FM346,,32.22064722,-95.2587,12,6,1,1,0,1,1,10,1,0
48,2014482131,482131,1,0,1,453,0,15,9,2014,2,2,16,4,CR-DEE GABRIEL COLLINS RD,,30.17413889,-97.7022,1,0,1,1,0,5,2,1,1,1
48,2014482132,482132,1,0,1,469,0,15,9,2014,2,10,0,2,US-59,,28.88272778,-96.8317,42,0,1,1,0,4,1,10,1,0
48,2014482133,482133,1,0,1,13,0,16,9,2014,3,2,55,1,I-37,,28.79648611,-98.3379,1,0,1,1,0,4,2,1,1,0
48,2014482134,482134,4,0,5,21,0,16,9,2014,3,15,6,2,US-290,,30.21099167,-97.1274,12,1,1,1,1,1,1,1,1,0
48,2014482135,482135,2,0,2,39,0,16,9,2014,3,6,37,3,SR-36,,29.30903611,-95.7392,12,6,1,1,0,1,1,10,1,0
48,2014482136,482136,2,0,6,309,5770,16,9,2014,3,15,19,3,SR-6 MEMORIAL ST,FM 1860 FREDERICK ST,31.47472778,-96.9257,12,6,2,2,1,1,1,1,1,0
48,2014482137,482137,1,1,1,183,4080,17,9,2014,4,21,39,2,US-80,,32.50391389,-94.7084,8,0,1,1,0,1,3,10,1,0
48,2014482138,482138,1,1,1,201,3280,17,9,2014,4,3,48,7,SL 8,,29.6041,-95.2076,8,0,18,1,0,1,2,10,1,0
48,2014482139,482139,3,0,4,41,0,18,9,2014,5,18,0,3,SR-21,,30.63384722,-96.5426,12,6,1,1,0,1,1,10,1,0
48,2014482140,482140,2,0,2,61,3030,18,9,2014,5,11,39,7,I-69/US-77 F STREET,LOUISIANA ST,26.16810278,-97.6947,12,6,3,3,0,1,1,1,1,0
48,2014482141,482141,1,0,2,201,0,18,9,2014,5,18,45,4,CR-MAXWELL RD,,29.96593889,-95.6206,34,0,1,1,0,4,1,10,1,0
48,2014482142,482142,2,0,5,167,2570,22,2,2014,7,19,41,8,FM3005 SEAWALL BLVD,,29.26241389,-94.8341,12,6,8,1,0,1,3,1,1,1
48,2014482143,482143,2,0,3,287,2640,18,9,2014,5,7,25,2,US-290 AUSTIN ST,,30.17587778,-96.8943,12,6,8,1,0,1,1,2,1,0
48,2014482144,482144,1,0,4,215,4480,1,4,2014,3,23,27,8,FM 491 RIO RICO RD,,26.13196389,-97.9017,42,0,1,1,0,4,3,1,1,0
48,2014482145,482145,2,0,3,245,5430,15,5,2014,5,8,40,3,SR-87 GULFWAY DR,,29.90207222,-93.9256,43,0,1,1,0,5,1,1,1,0
48,2014482146,482146,2,0,2,233,780,30,5,2014,6,18,3,8,SS119 10TH ST,HEDGECOKE ST,35.6768,-101.392,12,6,2,2,0,1,1,1,1,1
48,2014482147,482147,1,0,2,257,1590,12,7,2014,7,19,33,2,US-175 RAMP,,32.63579722,-96.4688,32,0,5,1,0,10,1,1,1,1
48,2014482148,482148,2,0,2,453,330,22,7,2014,3,13,52,8,FM973,,30.19672222,-97.644,12,2,1,1,0,1,1,1,1,0
48,2014482149,482149,2,0,6,215,0,25,8,2014,2,16,10,8,FM1925 MONTE CRISTO RD,,26.35224444,-98.2607,12,6,1,1,0,1,1,1,1,0
48,2014482150,482150,1,0,1,201,3280,1,9,2014,2,3,40,5,WALLISVILLE RD,,29.79489722,-95.2457,33,0,1,1,0,3,2,1,1,1
48,2014482151,482151,1,0,1,37,0,6,9,2014,7,14,47,8,FM 114,,33.60369722,-94.703,18,0,1,1,0,4,1,10,1,0
48,2014482152,482152,1,1,1,285,0,8,9,2014,2,7,10,8,FM 532,,29.59258333,-96.8487,8,0,1,1,0,1,6,1,1,0
48,2014482153,482153,2,0,2,375,150,15,9,2014,2,7,49,8,SL 279 BUSHLAND BLVD,WESTERN ST,35.20918056,-101.884,12,2,2,2,0,1,1,10,1,0
48,2014482154,482154,2,0,2,155,0,17,9,2014,4,6,35,3,SR-6,,34.03933333,-99.7253,12,8,1,1,0,1,2,10,1,0
48,2014482155,482155,1,1,1,309,0,17,9,2014,4,14,50,7,I-35,,31.79589722,-97.1019,43,0,1,1,1,10,1,1,1,1
48,2014482156,482156,4,0,5,351,0,18,9,2014,5,5,40,3,SR-87,,31.12365833,-93.7285,12,6,1,1,0,1,2,2,1,0
48,2014482157,482157,1,1,1,113,1730,19,9,2014,6,20,11,5,FERGUSON RD,,32.81148333,-96.7019,8,0,1,1,0,1,3,1,1,0
48,2014482158,482158,3,0,4,201,3280,19,9,2014,6,15,10,8,SL-8 SAM HOUSTON PKWY,,29.77599167,-95.563,25,0,19,1,0,4,1,10,1,0
48,2014482159,482159,2,0,4,203,0,19,9,2014,6,2,12,1,I-20,,32.49318056,-94.1707,12,1,1,1,0,1,2,1,2,0
48,2014482160,482160,1,0,1,231,0,19,9,2014,6,3,55,7,I-30,,33.13143611,-95.9325,18,0,1,1,0,1,2,1,1,1
48,2014482161,482161,1,0,1,251,0,19,9,2014,6,22,49,8,FM 4,,32.34013889,-97.3359,1,0,1,1,0,4,2,1,1,1
48,2014482162,482162,1,0,1,439,2450,19,9,2014,6,20,50,5,SYLVANIA AVE,WATAUGA RD,32.78976111,-97.3086,30,0,1,1,0,4,3,1,1,0
48,2014482163,482163,2,0,4,439,2450,19,9,2014,6,2,15,3,SR-360 RAMP,,32.83598611,-97.0618,21,0,5,1,0,4,3,1,2,2
48,2014482164,482164,1,0,1,19,0,20,9,2014,7,2,13,3,SR-16,,29.68825556,-98.8497,1,0,1,1,0,4,2,2,1,1
48,2014482165,482165,3,0,3,19,0,20,9,2014,7,9,30,3,SR-16,PIPE CREEK DR,29.72559167,-98.9411,12,1,2,3,0,1,1,10,1,0
48,2014482166,482166,2,0,3,27,3690,20,9,2014,7,20,28,8,FM 439 38TH ST,,31.11166111,-97.6999,1,0,8,1,0,1,2,10,1,0
48,2014482167,482167,1,0,1,97,0,20,9,2014,7,11,41,4,CR-PRAIRIE GROVE RD,FM 372,33.52916667,-97.0797,38,0,3,10,0,5,1,1,1,1
48,2014482168,482168,1,0,1,113,1730,20,9,2014,7,0,20,8,SP 408,,32.70908889,-96.9301,1,0,1,1,0,4,3,1,1,0
48,2014482169,482169,3,0,7,423,0,20,9,2014,7,16,15,3,SR-31,,32.37430833,-95.0163,12,1,1,1,0,1,1,1,1,0
48,2014482170,482170,1,0,1,85,4230,21,9,2014,1,1,34,5,HARDIN BLVD,WHITE WING LN,33.17299444,-96.6637,33,0,3,2,0,3,3,1,1,1
48,2014482171,482171,2,0,3,113,3350,21,9,2014,1,4,4,1,I-45,,32.64579722,-96.7061,14,0,1,1,0,2,2,1,1,1
48,2014482172,482172,2,0,3,133,0,21,9,2014,1,3,26,1,I-20,,32.46334722,-98.6378,12,2,1,1,1,1,2,1,1,1
48,2014482173,482173,1,0,1,201,0,21,9,2014,1,22,20,4,CR-CYPRESSWOOD DR,,29.99489444,-95.5427,42,0,1,1,0,3,3,1,1,1
48,2014482174,482174,2,0,2,201,0,21,9,2014,1,23,55,8,FM 2920,FALVEL RD,30.07052222,-95.4765,12,6,2,2,0,1,3,1,1,1
48,2014482175,482175,1,0,2,409,0,21,9,2014,1,10,20,1,I-37 RAMP,,27.90433056,-97.6315,21,0,19,1,0,4,1,2,1,0
48,2014482176,482176,1,0,1,473,0,21,9,2014,1,14,48,4,CR-KICKAPOO RD,,30.13910833,-95.8782,38,0,1,1,0,5,1,1,1,0
48,2014482177,482177,4,0,4,477,880,21,9,2014,1,22,4,2,US-290,,30.14842222,-96.4082,12,2,1,1,0,1,2,1,1,0
48,2014482178,482178,1,0,2,501,0,21,9,2014,1,15,8,2,US-380,,33.24098056,-102.933,1,0,1,1,0,4,1,2,1,0
48,2014482179,482179,2,0,3,25,0,22,9,2014,2,6,29,2,US-59,,28.48658611,-97.6525,12,1,1,1,0,1,2,10,1,0
48,2014482180,482180,3,0,10,29,0,22,9,2014,2,3,24,1,I-35,,29.26414444,-98.7026,24,0,1,1,0,3,2,1,1,0
48,2014482181,482181,2,0,2,61,0,22,9,2014,2,7,55,8,FM803,,26.14192778,-97.5164,12,1,8,1,0,1,1,1,1,0
48,2014482182,482182,2,0,2,201,0,22,9,2014,2,4,50,4,CR-CLAY RD,,29.8315,-95.7786,12,6,1,1,0,1,2,1,1,1
48,2014482183,482183,2,0,4,201,3280,22,9,2014,2,18,3,5,ALMEDA GENOA RD,PALMHILL ST,29.62285833,-95.1998,12,6,2,2,0,1,5,1,1,0
48,2014482184,482184,1,2,1,167,2570,8,6,2014,1,7,13,8,FM3005 SEAWALL BLVD,,29.28978056,-94.7885,8,0,1,1,0,4,1,1,1,0
48,2014482185,482185,3,0,3,245,490,2,8,2014,7,21,53,5,CONCORD,VALENTINE,30.10025833,-94.1146,12,6,2,4,0,1,2,1,1,0
48,2014482186,482186,1,1,1,135,5030,16,9,2014,3,15,51,5,5TH ST,ALLEGHANEY AVE,31.84565278,-102.375,8,0,3,3,0,1,1,10,1,0
48,2014482187,482187,2,0,3,53,4310,21,9,2014,1,2,27,2,US-281,,30.58376667,-98.2732,12,2,1,1,0,1,2,10,1,1
48,2014482188,482188,3,0,4,201,3280,22,9,2014,2,19,5,3,SR-6,,29.81348333,-95.6454,12,6,8,1,1,1,5,1,1,0
48,2014482189,482189,2,0,2,251,0,22,9,2014,2,18,10,8,FM917,,32.45834722,-97.4486,12,2,1,1,0,1,1,1,1,0
48,2014482190,482190,2,0,2,257,3610,22,9,2014,2,7,35,3,SR-274,FM148,32.40858333,-96.2419,12,6,2,3,0,1,1,1,1,0
48,2014482191,482191,2,0,2,401,0,22,9,2014,2,6,35,8,FM 1716,,32.32953889,-94.6231,12,2,1,1,0,1,2,10,1,0
48,2014482192,482192,1,1,3,439,2450,22,9,2014,2,20,3,1,I-20/I-820,,32.68325278,-97.4098,8,0,18,1,0,1,3,1,1,0
48,2014482193,482193,2,0,3,81,0,23,9,2014,3,21,50,2,US-277,,31.90146944,-100.286,12,6,8,1,0,1,2,1,2,1
48,2014482194,482194,1,0,4,113,1730,23,9,2014,3,17,25,5,SKILLMAN ST,,32.87215278,-96.7346,52,0,1,1,0,4,1,1,1,0
48,2014482195,482195,2,0,2,121,9997,23,9,2014,3,23,46,8,FM 423,STONEBROOK PKWY,33.14448333,-96.8909,12,1,3,2,0,1,3,1,1,0
48,2014482196,482196,2,0,2,149,0,23,9,2014,3,15,55,3,SR-237,,30.03208889,-96.7193,12,2,1,1,0,1,1,1,1,1
48,2014482197,482197,3,0,7,303,0,23,9,2014,3,16,27,2,US-62,,33.49092222,-102.042,12,1,1,1,0,1,1,1,1,0
48,2014482198,482198,1,0,1,29,0,24,9,2014,4,0,35,4,CR-WISEMAN RD,,29.46225278,-98.7565,33,0,1,1,0,4,2,1,1,1
48,2014482199,482199,1,0,2,113,1730,24,9,2014,4,4,30,5,LEMMON AVE,,32.80965278,-96.8022,33,0,1,1,0,4,3,1,1,0
48,2014482200,482200,1,0,1,121,3960,24,9,2014,4,23,43,5,WATERS RIDGE DR,,33.01720833,-96.9697,35,0,1,1,0,4,3,1,1,1
48,2014482201,482201,2,0,2,365,0,24,9,2014,4,7,34,2,US-79,,32.14733333,-94.5482,12,1,8,1,0,1,1,1,1,0
48,2014482202,482202,1,0,2,459,0,24,9,2014,4,7,54,8,FM 2685,,32.590325,-94.9722,1,0,1,1,0,1,1,1,1,0
48,2014482203,482203,2,0,3,85,0,25,9,2014,5,23,13,4,CR-376,CR-427,33.37445,-96.5443,12,6,2,2,0,1,2,1,1,1
48,2014482204,482204,1,0,1,113,1730,25,9,2014,5,22,15,2,US-67 S G ALEXANDER FWY,,32.6383,-96.8945,25,0,1,1,0,3,3,1,1,0
48,2014482205,482205,2,0,2,121,1730,25,9,2014,5,8,15,5,PGB HWY TOLLWAY,FRANKFORD RD,32.99709167,-96.8591,12,6,2,2,0,1,1,1,1,0
48,2014482206,482206,3,0,6,139,2240,25,9,2014,5,20,35,3,SR-34 LAKE BARDWELL DR,SP 437 CLAY ST,32.31039722,-96.6253,12,1,3,3,0,1,3,1,1,1
48,2014482207,482207,1,0,2,201,480,25,9,2014,5,22,22,5,TRI-CITY BEACH RD,,29.71071389,-94.9529,32,0,1,1,0,4,2,1,1,1
48,2014482209,482209,3,0,3,419,0,25,9,2014,5,10,50,2,US-84,,31.95831111,-94.1505,12,2,1,1,0,1,1,1,1,0
48,2014482210,482210,2,0,2,497,0,25,9,2014,5,15,52,8,FM 1810,,33.27625833,-97.6909,12,2,1,1,0,1,1,1,1,0
48,2014482211,482211,2,0,3,215,0,20,9,2014,7,3,15,8,FM 1925 MONTE CRISTO RD,,26.36262778,-98.3303,12,1,1,1,0,1,2,10,1,1
48,2014482212,482212,1,0,1,113,1730,26,9,2014,6,1,50,5,DENTON DR,STOREY LN,32.859725,-96.8782,33,0,3,2,0,4,3,1,1,1
48,2014482213,482213,2,0,2,201,0,26,9,2014,6,6,7,3,SR-249 TOMBALL PKWY,,29.919375,-95.4931,12,6,8,1,0,1,3,1,1,0
48,2014482214,482214,1,1,1,201,0,26,9,2014,6,23,14,1,I-10 EAST FWY,SHELDON RD,29.7777,-95.1263,8,0,1,1,0,1,3,1,1,0
48,2014482215,482215,1,1,1,215,5330,26,9,2014,6,20,13,2,US-281 CAGE BLVD,ST ANNE DR,26.12001111,-98.1966,8,0,1,1,0,1,2,1,1,0
48,2014482217,482217,1,0,1,293,0,26,9,2014,6,13,48,8,FM 39,,31.61745,-96.4519,1,0,1,1,0,1,1,1,1,0
48,2014482218,482218,1,1,1,441,30,26,9,2014,6,6,47,5,27TH ST,SAYLES BLVD,32.41566944,-99.7481,9,0,2,2,0,1,3,10,1,0
48,2014482219,482219,1,1,3,485,7490,26,9,2014,6,16,41,1,I-44 CENTRAL FWY RAMP,,33.978125,-98.5355,8,0,20,1,0,1,1,1,1,0
48,2014482220,482220,1,1,1,29,6090,27,9,2014,7,17,48,5,LONG BRANCH,,29.33588333,-98.5648,8,0,1,1,0,1,1,1,1,0
48,2014482221,482221,1,1,1,61,940,27,9,2014,7,22,41,8,FM 802/RUBEN M TORRES BLVD,,25.94910556,-97.507,8,0,1,1,0,1,2,10,1,0
48,2014482222,482222,1,0,1,201,3280,27,9,2014,7,4,50,8,SL-8/SAM HOUSTON PKWY,US-69/SOUTHWEST FWY/RAMP,29.65866944,-95.5569,25,0,5,1,0,4,3,1,1,1
48,2014482223,482223,1,0,1,143,0,27,9,2014,7,10,25,8,FM 205,,32.26241944,-98.0303,1,0,1,1,0,1,1,1,1,0
48,2014482224,482224,2,0,2,201,0,27,9,2014,7,1,40,4,CR-LITTLE YORK RD,,29.86988611,-95.3272,12,7,1,1,0,1,3,1,1,1
48,2014482225,482225,1,1,2,201,3280,27,9,2014,7,20,34,1,I-45/GULF FWY,,29.55336389,-95.154,8,0,18,1,0,1,2,2,1,0
48,2014482226,482226,2,1,4,201,3280,27,9,2014,7,1,30,1,I-69/US-59/EASTEX FWY,,29.86431111,-95.3328,12,1,1,1,0,1,2,1,1,1
48,2014482227,482227,1,1,1,201,3280,27,9,2014,7,23,12,5,LINK RD,,29.80843333,-95.3796,9,0,1,1,0,1,3,10,1,1
48,2014482228,482228,1,1,2,245,0,27,9,2014,7,20,42,2,US-90,,30.06455,-94.2097,8,0,1,1,0,1,2,1,1,0
48,2014482229,482229,1,0,1,317,0,27,9,2014,7,6,30,3,SR-176,,32.30536944,-101.953,1,0,1,1,0,5,4,1,1,0
48,2014482230,482230,1,1,3,361,5100,27,9,2014,7,20,37,2,US-87/16TH ST,,30.10238056,-93.7472,8,0,1,1,0,1,3,1,1,0
48,2014482231,482231,2,0,3,423,0,27,9,2014,7,6,15,8,FM 14,,32.55091667,-95.2323,12,2,1,1,0,1,2,10,1,0
48,2014482232,482232,1,0,1,441,0,27,9,2014,7,20,45,4,CR-499 HAYTER RD,,32.47683611,-99.8066,32,0,1,1,0,4,2,1,1,1
48,2014482233,482233,2,0,5,37,6850,28,9,2014,1,17,56,7,I-30 MALL DR,FAIR OAKS DR,33.46948889,-94.0534,12,9,3,3,0,1,1,1,1,0
48,2014482234,482234,2,0,2,41,0,28,9,2014,1,18,45,3,SR-21,,30.64576944,-96.4961,12,2,1,1,0,1,1,10,1,0
48,2014482235,482235,1,0,1,99,0,28,9,2014,1,3,42,8,FM 2412 LEVITA RD,,31.47780278,-97.8325,1,0,1,1,0,1,2,1,1,1
48,2014482236,482236,1,1,2,121,3960,28,9,2014,1,19,35,8,BS 121,SOUTHWEST PKWY,33.01956944,-96.9929,8,0,1,1,0,1,3,1,1,0
48,2014482237,482237,2,0,5,407,0,28,9,2014,1,15,3,2,US-59,,30.57016944,-94.9506,12,1,1,1,0,1,1,1,1,1
48,2014482238,482238,1,0,1,419,0,28,9,2014,1,7,55,8,FM 2140,,31.689,-94.1465,53,0,1,1,0,4,1,10,1,0
48,2014482239,482239,2,0,2,29,6090,29,9,2014,2,11,40,8,FM 1535,FM/SL 1604,29.59997778,-98.564,1,0,2,2,0,1,1,10,1,0
48,2014482240,482240,1,1,2,113,387,29,9,2014,2,22,25,1,I-635 LBJ FWY,,32.72466111,-96.615,8,0,18,1,0,1,2,10,1,0
48,2014482241,482241,2,0,2,209,0,29,9,2014,2,19,56,8,FM1626,,30.12599722,-97.8616,12,2,1,1,1,1,2,1,1,1
48,2014482242,482242,3,0,3,317,0,29,9,2014,2,8,30,3,SR-176,,32.31257222,-102.08,12,8,1,1,0,1,1,1,2,0
48,2014482243,482243,2,0,2,441,30,29,9,2014,2,19,25,1,I-20 RAMP,,32.49035,-99.7328,12,1,20,1,0,1,5,1,1,0
48,2014482244,482244,2,0,2,27,3690,30,9,2014,3,18,27,8,FM2410 M L KING JR BLVD,ZEPHYR RD,31.09591667,-97.6947,12,6,2,3,0,1,1,1,1,0
48,2014482245,482245,1,0,1,113,3420,30,9,2014,3,14,41,3,SR-161,,32.83786389,-97.0166,1,0,1,1,0,1,1,1,1,0
48,2014482246,482246,1,0,1,201,3280,30,9,2014,3,1,50,5,T C JESTER BLVD,,29.80655,-95.4353,33,0,1,1,0,3,3,1,1,1
48,2014482247,482247,2,0,3,199,0,30,9,2014,3,14,30,8,FM418,,30.39743056,-94.2254,12,6,8,1,0,1,1,10,1,0
48,2014482248,482248,2,0,4,213,0,30,9,2014,3,13,30,4,CR-DOUBLE BRIDGE RD,CR-PALO PINTO RD,32.26076111,-96.0949,12,6,2,2,0,1,1,1,1,0