STATE,YEAR_ST_CASE,ST_CASE,VE_TOTAL,PEDS,PERSONS,COUNTY,CITY,DAY,MONTH,YEAR,DAY_WEEK,HOUR,MINUTE,ROUTE,TWAY_ID,TWAY_ID2,LATITUDE,LONGITUD,HARM_EV,MAN_COLL,RELJCT2,TYP_INT,WRK_ZONE,REL_ROAD,LGT_COND,WEATHER,FATALS,DRUNK_DR
48,2014482249,482249,2,0,3,403,0,30,9,2014,3,17,15,2,US-96,CR-200,31.14471111,-93.9846,12,6,2,2,0,1,1,1,1,1
48,2014482250,482250,2,0,3,245,5430,13,3,2014,5,2,35,5,9TH AVE,,29.94153611,-93.9678,12,1,1,1,0,1,3,1,1,1
48,2014482251,482251,2,1,2,439,260,9,9,2014,3,20,10,5,ARKANSAS LN,,32.70634444,-97.0951,8,0,8,1,0,1,2,1,1,0
48,2014482252,482252,1,0,2,189,0,25,9,2014,5,10,49,7,I-27,,34.04231667,-101.853,42,0,5,1,0,4,1,1,1,0
48,2014482253,482253,2,0,4,53,1040,29,8,2014,6,18,20,2,US-281 WATER ST/AM. LEGION HWY,,30.69833889,-98.2524,12,2,1,1,0,1,1,2,1,0
48,2014482254,482254,1,0,4,113,1730,16,9,2014,3,7,58,1,I-20 LBJ FWY RAMP,,32.70458889,-96.5836,43,0,5,1,0,4,1,10,1,0
48,2014482255,482255,1,0,1,453,0,18,9,2014,5,1,50,4,CR-FRITZ HUGHES PARK RD,,30.38453611,-97.9094,32,0,1,1,0,4,2,2,1,0
48,2014482256,482256,1,1,1,201,3280,20,9,2014,7,17,9,5,LOCKWOOD DR,,29.78194167,-95.3158,8,0,1,1,0,1,1,1,1,0
48,2014482257,482257,2,0,2,507,0,29,9,2014,2,7,46,2,US-83,,28.87159167,-99.8523,12,2,1,1,0,1,1,1,2,0
48,2014482258,482258,1,1,1,29,6090,30,9,2014,3,6,30,5,PLEASANTON RD,,29.37656944,-98.5043,8,0,1,1,0,1,2,1,1,0
48,2014482259,482259,3,0,5,201,3280,30,9,2014,3,23,0,5,PARKER RD,,29.85903333,-95.3641,12,7,1,1,0,1,2,10,1,1
48,2014482260,482260,2,0,2,203,0,30,9,2014,3,15,6,2,US-80 GRAND AVE,,32.54857222,-94.3891,12,2,1,1,0,1,1,1,1,0
48,2014482261,482261,2,1,2,201,3280,7,9,2014,1,20,17,5,CLINTON DR,,29.73198056,-95.2538,8,0,1,1,0,1,2,2,1,0
48,2014482262,482262,2,0,2,177,0,30,9,2014,3,12,42,8,UA90,CR-364,29.45774444,-97.2434,12,1,2,3,0,1,1,1,1,0
48,2014482263,482263,1,0,2,141,2190,14,6,2014,7,19,33,8,FM 258 SOCORRO RD,,31.66988333,-106.311,34,0,1,1,0,4,1,7,1,1
48,2014482264,482264,1,1,4,141,2190,2,8,2014,7,21,57,2,US-62 PAISANO DR,EUCALYPTUS,31.76543333,-106.463,8,0,2,2,0,1,3,2,1,0
48,2014482265,482265,1,0,1,453,5325,10,8,2014,1,2,6,8,FM 685,,30.46279444,-97.5977,33,0,1,1,0,3,3,1,1,1
48,2014482266,482266,1,1,1,141,2190,16,8,2014,7,22,6,3,SR-20 MESA ST,MISSOURI AVE,31.76168889,-106.49,8,0,3,2,0,1,3,10,1,0
48,2014482267,482267,2,0,7,141,2190,17,8,2014,1,2,7,1,I-10,,31.863375,-106.577,12,7,1,1,0,1,3,1,1,0
48,2014482268,482268,1,1,2,439,2450,23,8,2014,7,20,45,5,HEMPHILL ST,HAMMOND ST,32.68065833,-97.3317,8,0,2,2,0,1,5,1,1,0
48,2014482269,482269,1,0,1,439,260,29,8,2014,6,22,21,8,FM157 COOPER ST,PLEASANT RIDGE RD,32.67924722,-97.135,33,0,3,2,0,3,3,1,1,1
48,2014482270,482270,1,0,1,141,2190,13,9,2014,7,23,52,1,I-10,,31.75689167,-106.353,39,0,1,1,0,10,3,10,1,1
48,2014482271,482271,2,0,2,273,3700,20,9,2014,7,17,6,8,FM 2045,BU 77,27.52282778,-97.8562,12,6,2,2,0,1,1,1,1,0
48,2014482272,482272,2,0,2,201,0,21,9,2014,1,2,35,8,SL-8 SAM HOUSTON PKWY,CHAPLIN ST,29.93919722,-95.3714,12,11,2,3,0,1,3,1,1,1
48,2014482273,482273,1,0,1,141,2190,22,9,2014,2,5,45,5,DIANA DR,VULCAN,31.85024444,-106.423,3,0,3,2,0,3,3,2,1,0
48,2014482274,482274,1,0,1,201,5230,23,9,2014,3,3,7,5,OLEANDER DR,,29.67878333,-95.1548,34,0,1,1,0,4,2,1,1,0
48,2014482275,482275,1,0,1,113,2590,24,9,2014,4,22,9,7,I-30,SR-190 GEORGE BUSH HWY,32.85665833,-96.5541,25,0,19,1,0,4,2,1,1,0
48,2014482276,482276,2,2,2,113,2590,26,9,2014,6,3,7,1,I-635 LBJ,,32.87708056,-96.6859,8,0,1,1,0,2,3,1,1,1
48,2014482277,482277,1,1,2,215,0,27,9,2014,7,6,5,2,US-281,,26.651,-98.1111,8,0,1,1,0,1,2,2,1,0
48,2014482278,482278,1,0,1,339,0,28,9,2014,1,5,35,4,CR-HUFF RD,,30.24806389,-95.2387,42,0,1,1,0,4,2,1,1,1
48,2014482279,482279,1,0,1,27,0,1,10,2014,4,7,25,3,SR-53,FM 485,31.04199167,-97.1524,1,0,2,3,0,1,1,1,1,0
48,2014482280,482280,1,0,2,29,6090,1,10,2014,4,19,32,5,OLD US HWY 90,,29.40583889,-98.6189,35,0,1,1,0,4,3,1,1,1
48,2014482282,482282,1,1,1,167,3850,1,10,2014,4,4,8,8,FM 2004,,29.40185278,-95.034,8,0,1,1,0,1,2,1,1,0
48,2014482283,482283,1,0,3,179,0,1,10,2014,4,18,0,2,US-60/SR-152 FREDERICK AVE,,35.53413611,-100.885,53,0,1,1,0,4,1,1,1,0
48,2014482284,482284,2,0,4,201,0,1,10,2014,4,20,5,8,FM 1960 CYPRESS CREEK PKWY,CR-WALTERS RD,29.99525,-95.485,12,6,2,2,0,1,3,1,1,0
48,2014482285,482285,2,0,3,215,0,1,10,2014,4,20,55,2,US-281,,26.46825278,-98.1325,12,2,1,1,0,1,2,1,2,0
48,2014482286,482286,2,0,2,331,0,1,10,2014,4,20,44,2,US-77,,30.95696389,-96.9861,12,2,1,1,0,1,2,1,1,0
48,2014482287,482287,1,0,1,355,1550,1,10,2014,4,16,42,5,TIGER LN,CARROLL LN,27.72140833,-97.4064,43,0,1,1,0,5,1,1,1,0
48,2014482288,482288,5,0,9,361,7200,1,10,2014,4,21,20,1,I-10 FREEWAY BLVD,,30.11586389,-94.0398,12,1,1,1,0,1,2,1,4,0
48,2014482289,482289,1,0,1,407,0,1,10,2014,4,15,40,4,CR-ALSOBROOKS RD,,30.42071944,-95.2033,42,0,1,1,0,4,1,1,1,0
48,2014482290,482290,2,0,3,409,0,1,10,2014,4,18,36,4,CR-2004/CR-72,CR-3567/CR-79,27.909025,-97.3601,12,6,2,2,0,1,1,1,2,0
48,2014482291,482291,1,0,1,415,0,1,10,2014,4,7,3,2,US-84,,32.79175,-100.958,18,0,1,1,1,10,1,1,1,0
48,2014482292,482292,1,0,1,467,0,1,10,2014,4,22,30,3,SR-64,,32.66983056,-95.9784,35,0,1,1,0,4,2,10,1,0
48,2014482293,482293,2,0,2,21,0,2,10,2014,5,22,54,2,US-290,,30.24381944,-97.2168,12,2,1,1,0,1,2,2,1,0
48,2014482294,482294,2,0,2,183,0,2,10,2014,5,10,13,3,SR-31,FM 1252/KILGORE RD,32.43723889,-94.8253,12,6,2,3,0,1,1,1,1,0
48,2014482295,482295,1,0,14,215,0,2,10,2014,5,17,5,4,CR-7 MILE RD/MILE 7,,26.34242778,-98.5294,35,0,1,1,0,4,1,1,2,0
48,2014482296,482296,2,0,2,363,0,2,10,2014,5,15,10,1,I-10,,32.62763889,-98.0773,12,6,1,1,0,1,1,2,1,0
48,2014482297,482297,1,0,1,419,0,2,10,2014,5,10,45,2,US-84,,31.96445,-94.1365,42,0,1,1,0,4,1,10,1,0
48,2014482298,482298,2,0,2,29,0,3,10,2014,6,5,52,8,FM 471,OLD FM 471,29.51635278,-98.7623,12,6,3,3,0,1,2,1,1,0
48,2014482299,482299,1,0,1,29,6090,3,10,2014,6,13,31,5,VILLAGE PKWY,,29.47198611,-98.6671,59,0,1,1,0,4,1,1,1,0
48,2014482300,482300,1,0,1,73,0,3,10,2014,6,1,0,3,SR-110,CR-4701/BELL CHURCH RD,32.10666111,-95.1156,42,0,3,4,0,4,2,10,1,1
48,2014482301,482301,2,0,2,113,1730,3,10,2014,6,6,47,5,HAMPTON RD,,32.64432778,-96.857,54,11,1,1,0,1,2,1,1,0
48,2014482302,482302,2,0,3,121,1840,3,10,2014,6,18,47,2,US-377 FORT WORTH DR,,33.1634,-97.1579,54,11,1,1,1,1,1,1,1,0
48,2014482303,482303,1,0,1,157,4655,3,10,2014,6,1,57,5,SIENNA PKWY,,29.51074722,-95.5262,42,0,1,1,0,3,2,2,1,0
48,2014482304,482304,2,0,2,235,0,3,10,2014,6,6,15,2,US-67,CR-METCALFE RD,31.343925,-100.701,12,6,2,3,0,1,2,1,1,0
48,2014482305,482305,1,0,1,239,0,3,10,2014,6,10,35,8,FM 1157,,28.98650278,-96.3853,38,0,1,1,0,5,9,99,1,1
48,2014482306,482306,1,0,3,255,0,3,10,2014,6,22,10,8,FM1020 ARANSAS ST,,28.88668889,-97.6979,5,0,1,1,0,1,2,1,1,1
48,2014482307,482307,1,0,1,339,0,3,10,2014,6,11,55,7,I-45,,30.11675556,-95.4404,33,0,1,1,0,8,1,1,1,0
48,2014482308,482308,1,0,1,341,0,3,10,2014,6,8,15,4,CR-PLUM CREEK RD,,35.65958056,-101.744,1,0,1,1,0,4,1,1,1,0
48,2014482309,482309,2,0,2,135,0,4,10,2014,7,21,10,2,US-385,CR-COTTONWOOD ST,31.99545833,-102.421,12,1,3,2,0,1,2,1,1,0
48,2014482310,482310,3,0,3,307,0,4,10,2014,7,12,45,2,US-87,,31.17611111,-99.3986,12,2,1,1,0,1,1,1,1,0
48,2014482311,482311,1,0,2,381,0,4,10,2014,7,1,52,1,I-27,,34.816525,-101.848,1,0,1,1,0,10,2,1,2,1
48,2014482312,482312,2,0,2,439,590,4,10,2014,7,2,27,2,US-377 BENBROOK BLVD,,32.65961389,-97.4896,12,2,1,1,0,1,2,1,1,0
48,2014482313,482313,7,0,12,439,2450,4,10,2014,7,13,0,7,I-35W SOUTH FWY,SEMINARY DR,32.68435278,-97.3209,12,9,3,2,0,1,1,1,2,0
48,2014482314,482314,1,0,1,227,0,9,3,2014,1,8,26,3,SR-350,,32.29020556,-101.467,19,0,1,1,0,5,1,1,1,0
48,2014482315,482315,2,0,2,141,2433,25,5,2014,1,0,59,8,SL375,,31.83673333,-106.322,1,0,1,1,0,1,3,1,1,0
48,2014482316,482316,2,0,4,179,5190,9,8,2014,7,11,21,2,US-60/SR-152 FREDERIC AVE,BARNES ST,35.53346111,-100.954,12,1,3,2,0,1,1,1,1,0
48,2014482317,482317,1,0,1,237,0,3,10,2014,6,16,20,2,US-380,,33.17551111,-98.2913,16,0,1,1,0,1,1,1,1,0
48,2014482318,482318,1,1,1,485,7490,4,10,2014,7,12,49,5,BEVERLY DR,,33.92205,-98.5321,9,0,1,1,0,1,1,1,1,0
48,2014482319,482319,3,0,6,13,0,5,10,2014,1,5,25,3,SR-16,,29.03376111,-98.5785,12,2,1,1,0,1,2,5,2,1
48,2014482320,482320,1,1,1,113,1730,5,10,2014,1,20,40,5,MAPLE AVE,,32.81284167,-96.8243,8,0,1,1,0,1,3,1,1,0
48,2014482321,482321,1,0,5,121,0,5,10,2014,1,1,11,4,CR-CROW WRIGHT RD,,33.34206111,-97.2314,42,0,1,1,0,4,2,1,1,1
48,2014482322,482322,2,0,3,181,6056,5,10,2014,1,17,30,8,FM 9201,,33.68556944,-96.848,12,6,8,1,0,1,1,1,1,0
48,2014482323,482323,2,0,2,201,0,5,10,2014,1,3,40,1,I-10/EAST FWY,,29.78073056,-95.1172,12,2,1,1,0,1,3,1,2,1
48,2014482324,482324,1,0,2,201,3280,5,10,2014,1,1,45,5,KATHRYN CT,,29.765825,-95.2129,5,0,1,1,0,1,3,1,1,1
48,2014482325,482325,1,0,1,201,3280,5,10,2014,1,4,50,5,MYRTLE,,29.70848889,-95.304,42,0,1,1,0,4,3,1,1,1
48,2014482326,482326,2,0,2,201,3280,5,10,2014,1,15,35,5,NORTH HOUSTON ROSSLYN RD,,29.87492222,-95.4943,33,0,1,1,0,3,1,10,1,1
48,2014482327,482327,1,0,3,203,0,5,10,2014,1,1,2,1,I-20,,32.45370278,-94.6987,57,0,1,1,0,3,3,1,2,1
48,2014482328,482328,1,1,1,283,0,5,10,2014,1,23,34,8,FM 624,,28.366025,-99.1637,8,0,1,1,0,1,2,1,1,0
48,2014482329,482329,2,0,2,407,0,5,10,2014,1,2,7,3,SR-156,,30.62376667,-95.1835,12,2,1,1,0,1,2,1,1,1
48,2014482330,482330,1,1,1,439,2450,5,10,2014,1,20,45,3,SR-580/CAMP BOWIE WEST BLVD,,32.72253611,-97.4457,8,0,1,1,0,1,3,1,1,0
48,2014482331,482331,1,0,2,453,0,5,10,2014,1,2,20,3,SR-130,,30.15073611,-97.6587,59,0,1,1,0,4,2,1,1,0
48,2014482332,482332,1,0,1,37,0,6,10,2014,2,18,0,8,FM 2516,,33.35050556,-94.0862,32,0,1,1,0,4,1,1,1,0
48,2014482333,482333,2,0,2,37,0,6,10,2014,2,8,9,2,US-82,,33.533375,-94.682,12,1,1,1,0,1,1,1,1,0
48,2014482334,482334,2,0,3,73,0,6,10,2014,2,13,50,2,US-69 JACKSON ST,,31.93077778,-95.2436,12,1,1,1,0,1,1,1,1,0
48,2014482335,482335,1,1,1,183,4080,6,10,2014,2,4,30,2,US-259 EASTMAN RD,,32.51517222,-94.7114,8,0,1,1,0,1,3,10,1,0
48,2014482336,482336,1,0,1,201,0,6,10,2014,2,11,30,4,CR-TREASCHWIG RD,,30.03754444,-95.3605,16,0,1,1,0,1,1,6,1,0
48,2014482337,482337,1,0,1,227,0,6,10,2014,2,13,15,8,FM 821,,32.09849444,-101.281,1,0,1,1,0,4,1,1,1,0
48,2014482338,482338,2,0,5,313,0,6,10,2014,2,12,30,7,I-45,SR-75,31.01180278,-95.9223,12,6,2,2,0,1,1,1,2,0
48,2014482339,482339,2,0,4,409,0,6,10,2014,2,16,50,8,FM 631,,28.01316111,-97.3743,12,2,1,1,0,1,1,1,1,0
48,2014482340,482340,2,0,2,423,7070,6,10,2014,2,19,15,3,SR-110 VAN HWY,SL 323,32.3697,-95.3435,12,6,2,2,0,1,5,1,1,0
48,2014482341,482341,4,0,7,453,0,6,10,2014,2,7,40,2,US-183,,30.11454722,-97.6951,12,1,8,1,0,1,1,1,1,0
48,2014482342,482342,1,0,1,15,0,7,10,2014,3,8,22,3,SR-159,,29.97881389,-96.5748,1,0,1,1,0,4,1,5,1,0
48,2014482343,482343,1,1,2,29,6090,7,10,2014,3,9,48,8,SL 1604,,29.601625,-98.4398,8,0,1,1,0,1,1,1,1,0
48,2014482344,482344,2,0,2,29,6090,7,10,2014,3,23,55,5,TEZEL RD,TIMBER PATH,29.49019722,-98.6654,12,6,2,2,0,1,3,1,1,0
48,2014482346,482346,2,0,3,47,0,7,10,2014,3,7,2,8,FM755,,26.79941389,-98.3725,12,2,1,1,0,1,4,5,1,1
48,2014482347,482347,1,0,1,97,2550,7,10,2014,3,23,7,5,SCOTT ST,,33.62825556,-97.1359,30,0,1,1,0,4,3,1,1,1
48,2014482348,482348,2,1,1,113,2590,7,10,2014,3,20,45,7,SR-190 PRES GEORGE BUSH,,32.97397222,-96.6562,8,0,1,1,0,1,3,1,1,0
48,2014482349,482349,1,0,1,121,0,7,10,2014,3,11,44,8,FM 1173,,33.29218333,-97.3228,1,0,1,1,0,4,1,1,1,0
48,2014482350,482350,2,0,2,221,1613,7,10,2014,3,6,23,2,US-377,,32.50882778,-97.6392,12,1,1,1,0,1,2,1,1,0
48,2014482351,482351,1,0,1,249,0,7,10,2014,3,19,19,3,SR-44,,27.77641111,-98.0286,1,0,1,1,0,4,2,1,1,1
48,2014482352,482352,3,0,6,339,0,7,10,2014,3,14,48,8,FM 149,,30.34842222,-95.6978,43,0,1,1,0,4,1,1,2,0
48,2014482353,482353,1,1,1,423,7070,7,10,2014,3,22,36,8,FM 2493,,32.29646111,-95.3246,8,0,1,1,0,1,2,10,1,0
48,2014482354,482354,3,0,8,439,260,7,10,2014,3,14,20,1,I-20,,32.67226389,-97.2033,12,1,1,1,0,1,1,1,1,0
48,2014482355,482355,1,0,1,453,0,7,10,2014,3,5,35,3,SR-130,,30.24868611,-97.6081,43,0,1,1,0,3,2,1,1,0
48,2014482356,482356,2,0,2,481,0,7,10,2014,3,14,14,8,FM 1300,CR-387,29.23455556,-96.3644,12,6,2,2,0,1,1,10,1,0
48,2014482357,482357,1,0,1,491,2620,7,10,2014,3,18,11,5,WOLF RANCH PKWY,,30.64881111,-97.6902,42,0,1,1,0,4,1,1,1,0
48,2014482358,482358,1,1,2,29,6090,8,10,2014,4,21,10,8,SL 13,GOLIAD RD,29.35191667,-98.4311,8,0,3,2,0,1,3,1,1,0
48,2014482359,482359,1,0,1,53,0,8,10,2014,4,17,20,2,US-281 AMER LEGION MEM HWY,,30.63020833,-98.2631,59,0,1,1,0,4,1,1,1,0
48,2014482360,482360,1,1,2,53,0,8,10,2014,4,20,6,8,RM 1431,,30.65347778,-98.42,8,0,1,1,0,1,2,1,1,0
48,2014482361,482361,1,0,1,145,0,8,10,2014,4,6,15,8,FM 46,,31.16915556,-96.7387,32,0,1,1,0,4,2,10,1,0
48,2014482362,482362,2,0,3,245,2905,8,10,2014,4,15,40,7,SR-13 WEST PARKWAY RD,MAIN,29.94032222,-93.9148,12,6,2,2,0,1,1,1,1,0
48,2014482363,482363,3,0,6,331,4578,8,10,2014,4,17,50,2,US-36/190,SR-79 AVENUE C,30.71420278,-96.8521,12,6,2,3,0,1,1,1,1,0
48,2014482364,482364,2,0,2,473,0,8,10,2014,4,16,45,8,FM 2855,GOYNES RD,29.85388333,-95.8903,12,7,1,1,0,1,1,1,1,0
48,2014482365,482365,1,1,1,201,3280,9,10,2014,5,21,16,3,SR-288 SOUTH FWY,,29.706425,-95.376,8,0,1,1,0,1,3,1,1,0
48,2014482366,482366,2,0,3,211,0,9,10,2014,5,6,50,2,US-60,,35.75836944,-100.513,11,0,1,1,0,1,2,10,2,0
48,2014482367,482367,1,0,2,255,0,9,10,2014,5,18,28,8,FM 2509 ESCONDIDO ST,,28.78512778,-97.8564,1,0,1,1,0,4,1,1,1,0
48,2014482368,482368,2,0,2,323,2030,9,10,2014,5,21,43,2,US-57 GARRISON ST,,28.705575,-100.51,12,8,1,1,0,1,3,1,1,1
48,2014482369,482369,1,0,2,371,0,9,10,2014,5,14,10,2,US-67,,30.75555556,-103.165,1,0,1,1,0,1,1,1,2,0
48,2014482370,482370,1,0,1,439,2450,9,10,2014,5,23,26,5,BERRY ST,,32.70589167,-97.3156,42,0,1,1,0,4,3,1,1,0
48,2014482371,482371,2,0,5,29,6090,10,10,2014,6,22,44,5,BLANCO RD,BASSE RD,29.48818333,-98.5078,12,6,2,2,0,1,1,1,1,0
48,2014482372,482372,1,0,1,201,3280,10,10,2014,6,22,57,7,I-10 KATY FWY,,29.78402222,-95.5653,21,0,19,1,0,10,2,1,1,1
48,2014482373,482373,1,0,1,201,3280,10,10,2014,6,7,12,8,SL8 SAM HOUSTON PKWY,,29.75269167,-95.5581,31,0,5,1,0,8,4,1,1,0
48,2014482374,482374,2,0,3,201,3280,10,10,2014,6,2,55,5,CLAY RD,,29.83596944,-95.6218,12,2,1,1,0,1,2,1,1,1
48,2014482375,482375,1,1,1,201,3280,10,10,2014,6,8,55,5,CROSSTIMBERS ST,FULTON ST,29.82824167,-95.3762,8,0,3,2,0,1,1,1,1,0
48,2014482376,482376,1,0,4,251,0,10,10,2014,6,22,29,4,CR-NOLAN RIVER RD,,32.26906944,-97.421,38,0,1,1,0,5,2,2,1,0
48,2014482377,482377,1,0,3,343,0,10,10,2014,6,3,45,3,SR-49,,33.08091667,-94.7943,34,0,1,1,0,4,2,10,1,0
48,2014482378,482378,1,0,1,439,2450,10,10,2014,6,2,9,5,DEEN RD,,32.81035833,-97.3258,38,0,1,1,0,5,3,1,1,1
48,2014482379,482379,2,0,4,453,0,10,10,2014,6,19,18,7,SR-130,FM812,30.14000278,-97.6638,12,6,2,2,0,1,5,1,1,0
48,2014482380,482380,1,0,1,485,0,10,10,2014,6,22,43,8,FM3393 HARDING ST,,33.91418056,-98.4278,53,0,1,1,0,4,2,10,1,1
48,2014482381,482381,2,0,3,29,6090,11,10,2014,7,16,47,7,SL 1604 CHARLES ANDERSON LOOP,,29.60898889,-98.5042,12,1,1,1,0,1,1,10,1,0
48,2014482382,482382,1,1,1,201,0,11,10,2014,7,0,5,4,CR-SHELDON RD,,29.85753611,-95.128,8,0,1,1,0,1,3,1,1,0
48,2014482383,482383,2,0,3,201,480,11,10,2014,7,23,21,3,SR-146,,29.73562778,-94.9942,12,1,1,1,0,1,2,1,1,1
48,2014482384,482384,3,0,3,29,6090,11,10,2014,7,1,10,2,US-90,,29.38409722,-98.6918,12,2,1,1,0,1,2,1,2,2
48,2014482385,482385,2,0,2,373,4711,11,10,2014,7,8,20,2,US-59,FM 350,30.91972222,-94.8258,12,6,2,2,1,1,1,2,1,0
48,2014482386,482386,1,0,1,407,0,11,10,2014,7,17,15,4,CR-STRINGTOWN RD,,30.46521389,-94.9519,42,0,1,1,0,4,1,1,1,1
48,2014482387,482387,2,0,3,493,0,11,10,2014,7,18,32,3,SR-97,CR-307,29.21778611,-98.0688,12,6,2,2,0,1,1,1,1,0
48,2014482388,482388,1,0,2,501,0,11,10,2014,7,0,31,8,FM 769 STATE LINE RD,,33.25288611,-103.059,1,0,1,1,0,4,2,1,1,1
48,2014482389,482389,2,0,8,97,2550,12,10,2014,1,14,0,7,I-35,,33.67771667,-97.1541,12,2,5,1,0,1,1,1,2,0
48,2014482390,482390,1,0,6,113,0,12,10,2014,1,6,25,1,I-45 JULIUS SCHEPPS FWY,,32.55493889,-96.6624,1,0,1,1,0,4,4,1,1,0
48,2014482391,482391,1,0,1,113,3420,12,10,2014,1,0,46,3,SR-183 JOHN CARPENTER FWY,,32.83350278,-96.8952,35,0,1,1,0,4,2,1,1,0
48,2014482392,482392,1,0,1,231,2860,12,10,2014,1,14,21,7,I-30,,33.09658333,-96.1084,34,0,1,1,0,10,1,1,1,1
48,2014482393,482393,1,0,1,303,4140,12,10,2014,1,10,22,5,AVE N,,33.55368611,-101.852,33,0,1,1,0,4,1,1,1,0
48,2014482394,482394,1,1,1,355,5420,12,10,2014,1,14,39,3,SR-361 ALISTER ST,,27.82479444,-97.0699,8,0,1,1,0,1,1,10,1,0
48,2014482395,482395,2,0,4,367,7280,12,10,2014,1,12,15,3,SR-171 MAIN ST,,32.71714167,-97.7819,12,6,1,1,0,1,1,10,1,0
48,2014482396,482396,2,0,5,29,6090,13,10,2014,2,17,0,5,VANCE JACKSON,,29.59264722,-98.5896,12,2,1,1,0,1,1,1,2,0
48,2014482397,482397,1,1,1,61,0,13,10,2014,2,9,5,4,CR-LOUIS AVE,,25.97330833,-97.474,8,0,1,1,0,1,1,1,1,0
48,2014482398,482398,2,0,3,201,0,13,10,2014,2,6,20,8,FM 2100 HUFFMAN CLEVELAND RD,,30.138175,-95.1104,12,6,1,1,0,1,2,10,1,0
48,2014482399,482399,1,0,1,493,0,13,10,2014,2,19,3,8,FM 2772,,29.36497778,-98.0806,59,0,1,1,0,4,5,1,1,1
48,2014482400,482400,1,0,1,29,6090,14,10,2014,3,5,0,7,I-10,,29.59179722,-98.5965,24,0,19,1,0,10,3,1,1,0
48,2014482401,482401,3,0,4,89,0,14,10,2014,3,21,6,1,I-10,,29.74105556,-96.3332,12,1,1,1,1,1,2,1,1,0
48,2014482402,482402,2,0,8,135,0,14,10,2014,3,8,0,2,US-385,CR-PAPAW ST,31.71019167,-102.348,12,6,2,3,0,1,1,1,2,0
48,2014482403,482403,1,1,1,201,0,14,10,2014,3,21,10,7,I-10 EAST FWY,,29.775125,-95.1352,8,0,1,1,0,1,2,1,1,1
48,2014482404,482404,2,0,2,303,4140,14,10,2014,3,12,0,8,FM2255 4TH ST,,33.59241667,-101.915,12,6,8,1,0,1,1,1,1,0
48,2014482405,482405,3,0,3,85,5390,15,10,2014,4,19,5,5,PRES GEORGE BUSH TPKE,,33.01285556,-96.822,12,1,1,1,0,1,5,1,1,0
48,2014482406,482406,2,0,4,5,0,16,10,2014,5,12,0,2,US-69 E DENMAN AVE,,31.30281667,-94.6669,12,1,1,1,0,1,1,1,2,1
48,2014482407,482407,2,0,2,113,2800,16,10,2014,5,23,5,1,I-20,,32.67589722,-97.0274,12,7,1,1,0,1,3,1,1,1
48,2014482409,482409,3,0,4,201,3280,16,10,2014,5,14,3,3,SR-249 TOMBALL PKWY,,29.95674722,-95.5429,12,1,1,1,0,1,1,1,1,0
48,2014482410,482410,1,0,1,339,0,16,10,2014,5,1,20,4,CR-GLEN LOCH DR,,30.11911111,-95.4888,32,0,1,1,0,4,2,1,1,1
48,2014482411,482411,1,0,1,361,0,16,10,2014,5,20,50,4,CR-DEMPSEY DR,,30.10511389,-93.8121,34,0,1,1,0,4,2,1,1,1
48,2014482412,482412,1,1,1,21,0,17,10,2014,6,19,40,2,US-290,,30.265925,-97.2324,8,0,1,1,0,1,2,1,1,0
48,2014482413,482413,1,0,2,29,6090,17,10,2014,6,19,31,1,I-410,,29.31643889,-98.584,1,0,1,1,0,4,3,1,1,1
48,2014482414,482414,1,0,2,201,0,17,10,2014,6,19,58,7,US-290 NORTHWEST FWY,,29.93001111,-95.6408,25,0,1,1,1,5,2,1,1,1
48,2014482415,482415,1,1,1,439,2850,17,10,2014,6,21,12,3,SR-360,,32.89522778,-97.0867,8,0,1,1,0,1,3,1,1,0
48,2014482416,482416,1,1,1,457,0,17,10,2014,6,20,30,4,CR-4400,,30.78093056,-94.1719,8,0,1,1,0,1,2,1,1,0
48,2014482417,482417,1,1,1,29,6090,18,10,2014,7,7,5,5,HUEBNER RD,,29.51612778,-98.6074,8,0,1,1,0,1,3,1,1,0