STATE,YEAR_ST_CASE,ST_CASE,VE_TOTAL,PEDS,PERSONS,COUNTY,CITY,DAY,MONTH,YEAR,DAY_WEEK,HOUR,MINUTE,ROUTE,TWAY_ID,TWAY_ID2,LATITUDE,LONGITUD,HARM_EV,MAN_COLL,RELJCT2,TYP_INT,WRK_ZONE,REL_ROAD,LGT_COND,WEATHER,FATALS,DRUNK_DR
48,2014482418,482418,2,0,3,201,0,18,10,2014,7,12,10,4,CR-ALDINE MAIL ROUTE RD,FALL MEADOW LN,29.9024,-95.3397,12,6,2,2,0,1,1,10,1,0
48,2014482419,482419,1,0,1,245,5430,18,10,2014,7,23,42,3,SR-73 H O MILLS HWY RAMP,,29.88465278,-93.9975,1,0,20,1,0,1,2,1,1,0
48,2014482420,482420,1,1,1,493,6705,18,10,2014,7,20,24,2,US-87,,29.27354444,-98.055,8,0,1,1,0,1,2,1,1,0
48,2014482421,482421,1,1,1,29,6090,19,10,2014,1,21,53,8,FM 2536/PEARSALL RD,,29.34356944,-98.618,8,0,1,1,0,1,3,1,1,0
48,2014482422,482422,1,1,1,29,6090,19,10,2014,1,21,3,5,YUKON BLVD,,29.32616944,-98.4952,8,0,1,1,0,1,2,1,1,0
48,2014482423,482423,2,0,3,143,722,19,10,2014,1,1,7,2,US-377,,32.35083333,-98.019,12,2,1,1,0,1,2,1,2,1
48,2014482424,482424,1,1,6,215,4197,19,10,2014,1,11,9,5,BICENTENNIAL BLVD/18TH,JACKSON AVE,26.19559167,-98.2404,8,0,3,2,0,1,1,10,1,0
48,2014482425,482425,1,0,1,329,4560,19,10,2014,1,23,26,7,I-20,,31.96473611,-102.108,43,0,1,1,0,4,2,1,1,1
48,2014482426,482426,2,0,2,439,2255,19,10,2014,1,11,13,8,FM 157/INDUSTRIAL BLVD,GLENN DR,32.85552222,-97.1,12,6,2,3,0,1,1,10,1,0
48,2014482427,482427,2,0,4,121,6150,20,10,2014,2,15,59,8,FM 455,,33.37123056,-97.1602,12,2,1,1,0,1,1,1,1,0
48,2014482428,482428,2,0,4,159,0,20,10,2014,2,8,40,8,FM 115,FM 1448,33.01381111,-95.1828,12,6,2,2,0,1,1,1,1,0
48,2014482429,482429,2,0,2,245,0,22,10,2014,4,12,47,8,FM 366,,29.98826111,-93.9826,12,6,1,1,0,1,1,1,1,0
48,2014482431,482431,2,0,3,201,0,25,10,2014,7,8,25,7,CR-SAM HOUSTON TOLLWAY,CR-BAMMEL N HOUSTON RD,29.93756111,-95.4979,12,6,2,2,0,1,1,1,1,0
48,2014482432,482432,1,1,1,349,1570,4,2,2014,3,7,35,2,US-287/BI45 7TH ST,,32.10193333,-96.4637,9,0,1,1,0,1,1,2,1,0
48,2014482433,482433,2,0,2,141,2190,21,5,2014,4,18,39,5,VISTA DEL SOL,,31.75125556,-106.298,5,0,8,1,0,1,1,1,1,0
48,2014482434,482434,1,0,1,29,6090,2,8,2014,7,5,1,5,COMMERCE ST,,29.42660278,-98.4206,59,0,19,1,0,8,3,10,1,0
48,2014482435,482435,1,0,1,139,2678,16,8,2014,7,3,50,8,FM664 OVILLA RD,,32.53189167,-96.8401,1,0,1,1,0,4,3,1,1,1
48,2014482436,482436,1,1,1,471,3340,2,9,2014,3,6,24,3,SR-75/SS59,,30.73941111,-95.5949,8,0,1,1,0,1,2,10,1,0
48,2014482437,482437,1,0,1,121,1190,13,9,2014,7,3,30,5,ROSEMEADE PKWY,,33.01185,-96.8591,39,0,1,1,0,4,3,2,1,1
48,2014482438,482438,2,0,3,309,545,22,9,2014,2,17,5,8,FM2418AIRBASE RD,PECAN LN,31.61420833,-97.0933,12,6,2,2,0,1,1,1,2,1
48,2014482439,482439,1,0,1,257,0,23,9,2014,3,17,3,8,FM2728,,32.72189167,-96.165,10,0,6,1,0,1,1,1,1,1
48,2014482440,482440,1,0,2,385,0,25,9,2014,5,22,50,2,US-83,,29.74429444,-99.7528,23,0,1,1,0,4,2,1,1,1
48,2014482441,482441,1,0,1,179,0,2,10,2014,5,20,10,4,CR-3,,35.50878056,-101.043,1,0,1,1,0,1,2,1,1,1
48,2014482442,482442,6,0,6,329,0,3,10,2014,6,10,0,3,SR-349,,31.86131944,-102.039,12,1,1,1,1,1,1,1,2,0
48,2014482443,482443,2,0,3,439,3840,3,10,2014,6,9,0,3,SR-199 JACKSBORO HWY,,32.80736111,-97.4166,12,6,8,1,0,1,1,1,1,0
48,2014482444,482444,2,0,2,27,6810,8,10,2014,4,21,27,8,SP 290 1ST ST,,31.08429722,-97.3469,14,0,1,1,0,5,3,1,2,1
48,2014482445,482445,3,0,6,157,0,9,10,2014,5,20,42,8,UA 90,,29.535,-96.0364,12,8,1,1,0,1,2,1,1,1
48,2014482446,482446,1,0,1,51,0,10,10,2014,6,15,31,4,CR-116,,30.43268056,-96.7084,42,0,1,1,0,4,1,1,1,1
48,2014482447,482447,2,0,3,481,7410,10,10,2014,6,19,56,2,US-59,CR-467,29.27016667,-96.1498,12,11,2,2,0,1,2,1,1,0
48,2014482448,482448,1,0,2,303,0,11,10,2014,7,5,10,8,FM 835,,33.5202,-101.729,30,0,1,1,0,4,2,1,1,0
48,2014482449,482449,2,0,2,329,0,11,10,2014,7,16,47,3,SR-158,,31.93373056,-101.864,12,6,1,1,0,1,1,1,1,0
48,2014482450,482450,2,0,2,477,0,11,10,2014,7,4,0,2,US-290,,30.1693,-96.6089,12,2,1,1,0,1,2,1,1,1
48,2014482451,482451,2,0,4,85,1730,12,10,2014,1,3,23,8,PGB TURNPIKE TOLLWAY,,33.01244722,-96.8078,14,0,1,1,0,3,2,10,1,1
48,2014482452,482452,2,0,3,471,5812,13,10,2014,2,11,32,3,SR-19,,30.85546667,-95.4016,12,6,1,1,0,1,1,2,1,0
48,2014482453,482453,2,0,1,157,0,14,10,2014,3,7,45,4,CR-OLD RICHMOND RD,,29.66824167,-95.6534,12,1,1,1,0,1,1,1,1,0
48,2014482454,482454,1,1,1,201,0,14,10,2014,3,20,40,3,SR-6 ADDICKS SATSUMA RD,,29.89506944,-95.6388,8,0,1,1,0,1,2,1,1,0
48,2014482455,482455,1,0,1,467,0,14,10,2014,3,16,49,7,I-20,,32.64339444,-96.0508,42,0,1,1,0,4,1,1,1,1
48,2014482456,482456,3,0,5,29,6090,15,10,2014,4,19,15,5,RITTIMAN RD,,29.47996667,-98.3607,12,6,8,1,0,1,2,1,1,0
48,2014482457,482457,1,1,1,149,0,15,10,2014,4,7,32,8,FM 2762,FM 1115,29.75478333,-97.232,8,0,2,3,0,1,1,1,1,0
48,2014482458,482458,2,0,5,157,0,16,10,2014,5,4,30,3,SR-99,CR-NEW TERRITORY BLVD,29.58986389,-95.6778,12,6,2,2,0,1,3,1,1,0
48,2014482459,482459,2,1,1,463,7090,16,10,2014,5,9,30,5,OLD CARRIZO RD,,29.20180833,-99.7886,8,0,1,1,2,5,1,1,1,0
48,2014482460,482460,1,0,2,127,0,17,10,2014,6,16,22,3,SR-85,,28.53513056,-99.8234,17,0,1,1,0,4,1,1,1,0
48,2014482461,482461,1,0,1,329,0,17,10,2014,6,3,45,4,CR-1286,CR-127,31.91189167,-102.227,38,0,3,3,0,5,2,1,1,1
48,2014482462,482462,2,0,3,383,0,17,10,2014,6,4,23,3,SR-137,,31.11444722,-101.468,12,2,1,1,0,1,2,1,2,0
48,2014482463,482463,2,0,4,461,0,17,10,2014,6,7,7,3,SR-349,RM 2401,31.53075,-101.951,12,6,2,3,0,1,2,1,1,0
48,2014482464,482464,1,0,1,113,1730,18,10,2014,7,1,10,5,TYLER ST,,32.75746944,-96.8373,33,0,1,1,0,3,3,1,1,1
48,2014482465,482465,2,0,3,453,0,18,10,2014,7,1,0,3,SR-71,,30.41344722,-98.1154,12,6,1,1,0,1,2,1,1,1
48,2014482466,482466,2,0,2,53,0,19,10,2014,1,16,20,2,US-183,,30.87364722,-97.9172,12,6,1,1,0,1,1,10,1,0
48,2014482467,482467,1,0,1,53,0,19,10,2014,1,13,22,4,CR-221,,31.00290833,-97.9,42,0,1,1,0,4,1,1,1,0
48,2014482468,482468,1,0,1,113,2800,19,10,2014,1,22,9,1,I-20 RONALD REAGAN MEMORIAL,PGB TURNPIKE TOLLWAY 161,32.67678889,-97.0239,25,0,5,1,0,4,3,1,1,0
48,2014482469,482469,3,1,3,141,0,19,10,2014,1,17,44,1,I-10,,31.68118333,-106.261,14,0,1,1,0,2,1,1,2,0
48,2014482470,482470,1,0,1,215,4197,19,10,2014,1,20,5,3,SR-107,LA LOMITA RD,26.31311944,-98.2435,33,0,3,3,0,3,2,1,1,0
48,2014482471,482471,2,0,2,361,5100,19,10,2014,1,1,45,1,I-10,,30.12956944,-93.8581,12,1,1,1,0,1,2,1,1,0
48,2014482472,482472,1,0,1,385,0,19,10,2014,1,4,12,3,SR-55 NUECES ST,,29.67971111,-100.016,53,0,1,1,0,4,2,10,1,0
48,2014482473,482473,1,1,1,439,2450,19,10,2014,1,19,45,1,I-820 WEST LOOP 820,,32.76035278,-97.4779,8,0,1,1,0,1,3,1,1,0
48,2014482474,482474,1,0,1,257,0,20,10,2014,2,5,50,1,I-20,,32.66896944,-96.1493,33,0,5,1,0,8,2,1,1,0
48,2014482475,482475,1,0,1,389,0,20,10,2014,2,21,40,4,CR-419,,31.44498056,-103.603,1,0,1,1,0,4,2,10,1,1
48,2014482476,482476,2,1,4,177,0,21,10,2014,3,19,35,1,I-10,,29.65883056,-97.4084,8,0,1,1,0,1,2,1,1,0
48,2014482477,482477,2,0,2,71,4666,22,10,2014,4,15,53,8,FM 565,CANAL DR,29.86541667,-94.8476,12,1,3,3,0,1,1,1,1,0
48,2014482478,482478,1,1,1,113,1730,22,10,2014,4,23,0,8,SL 12 BUCKNER BLVD,,32.76366389,-96.6827,8,0,1,1,0,1,3,1,1,0
48,2014482479,482479,2,0,5,113,1730,22,10,2014,4,0,1,5,ABRAMS RD,WALNUT HILL LN,32.88041111,-96.7417,12,6,2,2,0,1,3,1,1,0
48,2014482480,482480,1,1,2,201,3280,22,10,2014,4,23,30,8,FM 865,,29.66553333,-95.3556,8,0,1,1,0,1,3,1,1,1
48,2014482481,482481,1,0,5,439,2450,22,10,2014,4,15,35,1,I-35W NORTH SOUTH FWY,,32.75346389,-97.3199,39,0,1,1,0,4,1,1,1,0
48,2014482482,482482,1,0,1,491,0,22,10,2014,4,3,45,2,US-183 RAMP,,30.46805278,-97.7955,23,0,5,1,0,4,3,1,1,1
48,2014482483,482483,2,0,3,497,0,22,10,2014,4,9,35,8,FM455,FM51,33.37309444,-97.4134,12,6,2,2,0,1,1,1,1,0
48,2014482484,482484,2,0,3,15,0,23,10,2014,5,5,53,8,FM109,,30.01154167,-96.486,12,8,1,1,0,1,2,10,1,0
48,2014482485,482485,1,0,1,111,0,23,10,2014,5,2,42,8,FM 1727 SEDAN RD,,36.07953056,-102.627,38,0,1,1,0,5,2,5,1,0
48,2014482486,482486,2,0,2,71,0,23,10,2014,5,16,37,8,FM563,,29.79551389,-94.6578,12,2,1,1,0,1,1,1,1,0
48,2014482487,482487,2,0,2,135,0,23,10,2014,5,12,56,3,SR-302/SL338,10TH ST,31.83960833,-102.409,12,6,2,2,0,1,1,1,1,0
48,2014482488,482488,2,1,2,329,4560,23,10,2014,5,23,50,8,FM868 MIDLAND DR,NEELY AVE,32.00896944,-102.139,8,0,3,2,0,1,3,1,1,0
48,2014482489,482489,4,0,7,453,330,23,10,2014,5,12,11,5,JOLLYVILLE RD,TAYLOR DRAPER LN,30.410025,-97.7476,12,6,2,3,0,1,1,1,1,0
48,2014482490,482490,1,1,2,91,4870,24,10,2014,6,0,37,8,FM725 SEGUIN AVE,,29.68210556,-98.1071,8,0,1,1,0,1,3,1,1,0
48,2014482491,482491,3,0,5,143,0,24,10,2014,6,13,57,8,FM8,,32.244575,-98.4132,12,6,1,1,0,1,1,1,3,0
48,2014482492,482492,1,0,1,201,0,24,10,2014,6,2,15,4,CR-YORKTOWN CROSSING PKWY,,29.86436944,-95.6509,59,0,1,1,0,4,6,1,1,1
48,2014482493,482493,2,0,3,245,1312,24,10,2014,6,16,55,2,US-90,,30.04946111,-94.3209,12,1,1,1,0,1,1,1,1,0
48,2014482494,482494,1,0,1,373,0,24,10,2014,6,18,59,4,CR-TEMPE TIMBERS RD,,30.70583611,-94.9852,42,0,1,1,0,4,1,1,1,1
48,2014482495,482495,1,0,1,7,240,25,10,2014,7,1,11,8,SL 90 COMMERCIAL,,27.91178889,-97.1395,1,0,1,1,0,4,3,1,1,0
48,2014482496,482496,2,0,2,113,1730,25,10,2014,7,9,27,5,INWOOD RD,CONVEYOR LN,32.80614444,-96.8525,12,6,2,2,0,1,1,1,1,0
48,2014482497,482497,2,0,1,113,1730,25,10,2014,7,12,20,5,JEFFERSON BLVD,,32.75393611,-96.8108,33,0,1,1,0,4,1,1,1,0
48,2014482498,482498,2,0,4,121,6881,25,10,2014,7,23,38,5,SAM RAYBURN TLWY,,33.06314444,-96.8951,12,1,1,1,0,1,2,1,1,0
48,2014482499,482499,1,0,2,133,0,25,10,2014,7,16,57,1,I-20,,32.37724444,-99.1111,25,0,1,1,0,3,1,10,1,0
48,2014482500,482500,1,0,1,157,0,25,10,2014,7,22,1,8,FM1093,,29.70695556,-95.6921,18,0,5,1,0,8,3,1,1,1
48,2014482501,482501,2,0,2,201,0,25,10,2014,7,21,50,8,FM 2920,,30.091425,-95.5748,12,2,1,1,0,1,2,1,1,1
48,2014482502,482502,1,0,2,407,0,25,10,2014,7,0,51,8,FM 946,,30.6646,-95.2228,1,0,1,1,0,4,2,1,1,0
48,2014482503,482503,1,0,1,441,30,25,10,2014,7,2,54,5,BARROW,,32.44194722,-99.7584,33,0,1,1,0,4,3,1,1,1
48,2014482504,482504,1,0,1,453,330,25,10,2014,7,0,53,5,KRAMER LN,,30.383125,-97.6989,1,0,1,1,0,1,3,1,1,1
48,2014482505,482505,3,0,8,27,0,26,10,2014,1,17,33,1,I-35,,30.89388056,-97.5675,25,0,1,1,0,3,1,1,1,0
48,2014482506,482506,4,0,6,29,6090,26,10,2014,1,13,25,1,I-10,FM 1604,29.59001389,-98.5981,12,1,20,1,0,1,1,1,1,0
48,2014482507,482507,2,0,2,113,1730,26,10,2014,1,21,59,5,MOCKINGBIRD LN,MOCKINGBIRD STATION DRIVEWAY,32.83663889,-96.7753,12,6,2,3,0,1,3,1,1,1
48,2014482508,482508,1,0,1,195,0,26,10,2014,1,6,40,3,SR-207,,36.13278056,-101.243,1,0,1,1,0,4,2,1,1,0
48,2014482509,482509,2,0,2,201,3280,26,10,2014,1,20,0,5,YELLOWSTONE BLVD,SIDNEY,29.69187778,-95.3561,12,6,2,2,0,1,3,1,1,1
48,2014482510,482510,2,0,6,215,0,26,10,2014,1,18,28,3,SR-107,FM 2128 SCHUNIOR ST,26.29740556,-98.0913,12,6,2,3,0,1,5,1,2,1
48,2014482511,482511,2,0,2,335,0,26,10,2014,1,16,13,3,SR-163,,32.17150278,-101.016,12,1,8,1,0,1,1,1,1,0
48,2014482512,482512,1,1,1,29,6090,27,10,2014,2,21,29,7,I-10,DE ZAVALA RD,29.56333611,-98.5903,8,0,3,2,1,1,2,1,1,0
48,2014482513,482513,2,0,2,113,1730,27,10,2014,2,19,2,5,MATILDA ST,RICHMOND AVE,32.816,-96.768,1,0,2,2,0,1,3,1,1,0
48,2014482514,482514,2,0,2,201,3280,27,10,2014,2,11,49,1,I-610/NORTH LP E,,29.792875,-95.2683,12,1,1,1,0,1,1,1,1,0
48,2014482515,482515,2,0,2,491,3981,27,10,2014,2,16,39,3,SR-29,,30.66836944,-97.9123,12,6,8,1,0,1,1,1,1,0
48,2014482516,482516,1,0,1,29,6090,28,10,2014,3,12,47,2,US-90 RAMP,,29.40065278,-98.5356,20,0,5,1,0,8,1,10,1,0
48,2014482517,482517,1,1,0,99,0,28,10,2014,3,11,36,8,FM 932,,31.5084,-97.9675,8,0,8,1,0,1,1,1,1,0
48,2014482518,482518,2,0,3,201,0,28,10,2014,3,23,47,4,CR-WALLISVILLE RD,,29.81948889,-95.0248,12,2,1,1,0,1,2,1,1,0
48,2014482519,482519,1,0,1,491,0,28,10,2014,3,11,4,8,FM 1660,,30.49574722,-97.5004,38,0,1,1,0,4,9,1,1,1
48,2014482520,482520,1,0,1,491,2620,29,10,2014,4,3,19,1,I-35,,30.64452222,-97.6852,30,0,1,1,0,4,3,10,1,1
48,2014482521,482521,2,0,2,61,3030,30,10,2014,5,3,47,7,I-69/US-77,SL 499 ED CAREY DR,26.16015,-97.6821,12,6,2,2,0,1,3,1,1,1
48,2014482522,482522,3,0,6,293,0,30,10,2014,5,15,35,8,FM 39,,31.5672,-96.3927,12,8,1,1,0,1,1,1,1,0
48,2014482523,482523,2,0,4,27,3690,31,10,2014,6,21,34,3,SR-195 FORT HOOD ST,FM 2670 TRIPLE 7,30.98063056,-97.7714,12,6,2,2,0,1,2,1,1,0
48,2014482524,482524,3,0,2,141,2190,23,8,2014,7,2,43,1,I-10,,31.77744444,-106.429,12,1,1,1,0,1,3,1,1,0
48,2014482525,482525,1,0,1,91,4870,20,9,2014,7,21,7,1,I-35,,29.68218333,-98.1435,73,0,1,1,0,1,3,10,1,0
48,2014482526,482526,2,0,2,201,3280,3,10,2014,6,23,30,1,I-10 KATY FWY,,29.78438611,-95.5724,14,0,1,1,0,2,3,1,1,0
48,2014482527,482527,3,0,4,201,7286,9,10,2014,5,17,2,8,FM 270,,29.53795556,-95.0988,12,2,1,1,0,1,1,10,2,0
48,2014482528,482528,2,0,3,451,6080,9,10,2014,5,4,57,2,US-67/277 BRYANT BLVD,JACKSON ST,31.42538889,-100.441,12,6,2,2,0,1,3,1,1,0
48,2014482529,482529,1,0,1,475,0,9,10,2014,5,1,50,8,FM 1776,,31.40971389,-102.959,1,0,1,1,0,4,2,1,1,1
48,2014482530,482530,2,0,3,287,0,10,10,2014,6,17,37,8,FM 696,FM 619,30.380175,-97.2438,12,2,2,3,0,1,1,1,1,1
48,2014482531,482531,1,1,1,187,0,11,10,2014,7,19,30,8,FM775,,29.38228056,-98.0996,9,0,1,1,0,1,2,1,1,0
48,2014482532,482532,2,0,2,453,330,11,10,2014,7,16,59,5,SLAUGHTER LN,ALICE MAE LN,30.16748889,-97.793,12,6,2,3,0,1,1,1,1,0
48,2014482533,482533,1,0,1,383,0,13,10,2014,2,15,52,8,FM3093,,31.64039167,-101.547,1,0,1,1,0,4,1,1,1,0
48,2014482534,482534,1,1,1,201,3280,15,10,2014,4,6,36,5,AIRPORT BLVD,HANSEN RD,29.65208611,-95.2583,9,0,2,2,0,1,3,1,1,0
48,2014482536,482536,2,0,3,13,0,18,10,2014,7,5,0,3,SR-16,,29.08828889,-98.5949,12,2,1,1,0,1,2,10,1,1
48,2014482537,482537,2,0,2,317,0,18,10,2014,7,22,45,3,SR-176,,32.28655,-101.78,12,6,1,1,0,1,2,1,1,0
48,2014482539,482539,2,0,2,453,0,19,10,2014,1,0,37,3,SR-71,,30.18708611,-97.6014,12,2,1,1,0,1,2,1,1,1
48,2014482540,482540,1,0,1,167,3920,20,10,2014,2,2,11,8,FM646,,29.44438889,-95.0939,33,0,1,1,0,4,3,1,1,0
48,2014482541,482541,1,0,1,29,6090,20,10,2014,2,16,46,8,SL 1604 CHARLES ANDERSON LN,,29.60868611,-98.4932,52,0,1,1,0,3,1,1,1,0
48,2014482542,482542,1,0,3,265,3670,20,10,2014,2,21,44,1,I-10,,30.067775,-99.0745,1,0,1,1,0,3,2,1,1,0
48,2014482543,482543,1,0,5,313,0,20,10,2014,2,11,50,1,I-45,,31.02391667,-95.9299,1,0,1,1,0,3,1,1,1,0
48,2014482544,482544,2,0,1,439,2450,20,10,2014,2,0,49,5,SHERIDAN RD,,32.64242222,-97.3248,14,0,1,1,0,5,2,1,1,0
48,2014482545,482545,1,0,3,37,0,21,10,2014,3,12,35,8,FM 990,,33.44968056,-94.5881,1,0,1,1,0,4,1,1,1,0
48,2014482546,482546,1,0,1,139,4570,23,10,2014,5,7,7,2,US-267 RAMP,,32.47683056,-97.0123,24,0,5,1,0,4,2,1,1,0
48,2014482547,482547,2,0,2,483,0,23,10,2014,5,22,50,2,US-83,,35.56338333,-100.304,12,2,1,1,0,1,2,1,1,1
48,2014482548,482548,1,0,1,85,0,24,10,2014,6,1,30,4,CR-599,,33.09455833,-96.3805,38,0,1,1,0,5,2,1,1,1
48,2014482549,482549,2,0,2,329,0,24,10,2014,6,22,45,8,BI 20 E,,31.94446111,-102.174,12,1,1,1,0,1,2,1,1,1
48,2014482550,482550,1,0,1,329,0,24,10,2014,6,4,52,4,CR-1050,CR-120,32.01095,-101.837,38,0,3,3,0,5,2,5,1,1
48,2014482551,482551,1,0,1,491,0,24,10,2014,6,20,26,4,CR-ANDERSON MILL RD,CR-ROYCE LN,30.45988889,-97.7567,33,0,3,3,0,3,2,1,1,1
48,2014482552,482552,2,0,2,135,5030,25,10,2014,7,10,6,8,BI-20E/80,,31.88031944,-102.298,12,1,1,1,0,1,1,1,1,0
48,2014482553,482553,1,1,3,491,0,25,10,2014,7,17,40,4,CR-RONALD W REAGAN BLVD,CR-289,30.72521111,-97.8325,9,0,2,2,0,1,1,1,1,0
48,2014482554,482554,1,0,1,135,0,26,10,2014,1,21,30,3,SR-158,,32.05508333,-102.296,1,0,1,1,0,4,2,1,1,0
48,2014482555,482555,1,0,1,355,1550,26,10,2014,1,1,9,1,I-37 RAMP,,27.80387222,-97.4699,59,0,5,1,0,8,3,10,1,0
48,2014482556,482556,1,0,2,365,0,26,10,2014,1,14,30,8,FM 1186,,32.31553333,-94.2892,32,0,1,1,0,4,1,1,1,0
48,2014482557,482557,1,0,1,113,1730,27,10,2014,2,14,48,1,I-20 LBJ FWY,,32.64785833,-96.7798,1,0,18,1,0,1,1,1,1,0
48,2014482558,482558,1,0,3,135,0,27,10,2014,2,21,40,1,I-20,,31.72622778,-102.618,1,0,1,1,0,3,2,10,1,0
48,2014482559,482559,1,0,1,135,5030,27,10,2014,2,0,17,8,BI-20/SR-80,LOOP 338,31.87443611,-102.31,21,0,19,1,0,10,3,1,1,1
48,2014482560,482560,1,1,1,141,2190,27,10,2014,2,19,22,5,GEORGE DIETER DR,,31.76782222,-106.303,8,0,1,1,0,1,2,1,1,0
48,2014482561,482561,2,0,4,201,0,27,10,2014,2,16,57,4,CR-FRY RD,,29.81343056,-95.7206,12,6,8,1,0,1,1,1,1,1
48,2014482562,482562,1,1,1,215,0,27,10,2014,2,11,30,4,CR-6 1/2 MILE LINE RD,,26.31583611,-98.3558,53,0,1,1,0,4,1,1,1,0
48,2014482563,482563,1,0,1,345,0,27,10,2014,2,14,42,2,US-62/70,,34.00125,-100.552,1,0,1,1,0,1,1,1,1,0
48,2014482564,482564,2,1,5,113,1730,28,10,2014,3,19,0,1,I-30 RL THORNTON FWY,,32.79454722,-96.6965,8,0,1,1,0,1,3,1,1,0
48,2014482565,482565,1,0,1,141,2190,28,10,2014,3,4,11,2,US-85 PAISANO DR,,31.75661389,-106.495,1,0,1,1,0,3,3,1,1,0
48,2014482566,482566,2,0,4,201,3280,28,10,2014,3,7,28,7,I-10 EAST FWY,,29.77276667,-95.3253,12,7,1,1,0,1,1,1,1,0
48,2014482567,482567,1,1,1,201,3280,28,10,2014,3,19,15,5,KEMPWOOD DR,,29.82200833,-95.5267,8,0,1,1,0,1,2,1,1,0
48,2014482568,482568,1,0,1,201,3280,28,10,2014,3,22,0,5,GLENWEST DR,,29.54645278,-95.1574,33,0,1,1,0,3,2,1,1,1
48,2014482569,482569,2,0,2,235,0,28,10,2014,3,20,42,2,US-67,,31.14133333,-101.26,12,2,1,1,0,1,1,1,1,0
48,2014482570,482570,4,0,5,323,0,28,10,2014,3,12,10,2,US-277 MAIN ST,,28.68764167,-100.364,12,1,1,1,1,1,1,1,3,0
48,2014482571,482571,1,0,1,401,0,28,10,2014,3,11,15,8,FM95,,31.97431944,-94.6683,42,0,1,1,0,4,1,10,1,0
48,2014482572,482572,2,0,2,71,0,29,10,2014,4,11,54,3,SR-99 GRAND PKWY,,29.72093611,-94.9331,12,2,1,1,0,1,1,1,1,0
48,2014482573,482573,2,0,2,199,3750,29,10,2014,4,6,17,2,US-69 PINE ST,,30.38617778,-94.3233,12,1,1,1,0,1,2,5,1,0
48,2014482574,482574,1,0,1,379,0,29,10,2014,4,14,56,8,FM2324,,32.83827778,-95.8811,43,0,1,1,0,4,1,1,1,1
48,2014482575,482575,2,0,2,453,330,29,10,2014,4,21,29,7,US-290,SR-130,30.34107778,-97.5906,12,6,2,2,0,1,3,1,1,0
48,2014482576,482576,1,1,1,201,3280,31,10,2014,6,0,30,5,GREENS RD,,29.94914722,-95.4205,8,0,1,1,0,1,3,1,1,0
48,2014482577,482577,2,0,4,363,0,30,10,2014,5,12,50,2,US-180 PALO PINTO HWY,,32.79250556,-98.2039,12,2,1,1,0,1,1,1,1,0
48,2014482578,482578,2,0,3,495,0,30,10,2014,5,6,55,3,SR-18 FRONT ST,TYLER BLVD,31.84165,-103.084,12,2,2,3,0,1,2,1,1,0
48,2014482579,482579,1,1,2,201,3280,31,10,2014,6,22,32,1,I-69/US-59 EASTEX FWY,,29.95064167,-95.2908,8,0,1,1,0,1,3,1,1,0
48,2014482580,482580,2,0,2,439,2450,31,10,2014,6,18,50,3,SR-183,,32.83818611,-97.0514,12,99,1,1,0,1,3,1,1,1
48,2014482581,482581,3,0,4,453,330,31,10,2014,6,12,32,8,FM 734/PARMER LN,SCOFIELD FARMS DR,30.4112,-97.6866,12,1,3,2,0,1,1,1,1,0
48,2014482582,482582,1,0,1,141,2190,27,6,2014,6,4,13,5,FAIRBANKS DR,,31.90281944,-106.422,43,0,1,1,0,3,3,1,1,0
48,2014482583,482583,1,0,1,141,2190,28,6,2014,7,23,43,5,PEBBLE CREEK BLVD,,31.78409444,-106.253,33,0,1,1,0,3,2,1,1,1
48,2014482584,482584,2,0,6,201,3280,16,8,2014,7,7,40,2,US-90A/OLD SPANISH TRL,,29.70211667,-95.3608,12,6,8,1,0,1,1,1,1,0
48,2014482585,482585,4,0,5,121,0,8,9,2014,2,18,39,3,SR-114,,33.03633056,-97.3935,12,6,1,1,1,1,1,1,1,0