STATE,YEAR_ST_CASE,ST_CASE,VE_TOTAL,PEDS,PERSONS,COUNTY,CITY,DAY,MONTH,YEAR,DAY_WEEK,HOUR,MINUTE,ROUTE,TWAY_ID,TWAY_ID2,LATITUDE,LONGITUD,HARM_EV,MAN_COLL,RELJCT2,TYP_INT,WRK_ZONE,REL_ROAD,LGT_COND,WEATHER,FATALS,DRUNK_DR
48,2014482757,482757,4,0,5,113,1730,25,11,2014,3,23,9,5,FOREST LN,PLANO RD,32.90901944,-96.7004,12,6,2,2,0,1,3,1,1,1
48,2014482758,482758,7,0,10,113,1730,25,11,2014,3,19,13,5,FERGUSON RD,SHILOH RD,32.84105278,-96.6664,12,2,2,2,0,1,3,1,1,0
48,2014482759,482759,1,0,1,375,150,25,11,2014,3,12,45,8,SL 395 10TH AVE,,35.20231667,-101.829,59,0,1,1,0,3,1,1,1,0
48,2014482760,482760,2,0,2,471,0,25,11,2014,3,1,40,1,I-45,,30.59296667,-95.5048,12,1,1,1,0,1,2,1,1,0
48,2014482761,482761,2,0,2,135,0,26,11,2014,4,8,52,1,I-20,,31.81148333,-102.431,12,6,1,1,0,1,1,1,1,0
48,2014482762,482762,1,0,3,265,0,26,11,2014,4,7,51,2,US-83,,30.08226111,-99.6931,38,0,1,1,0,5,1,1,1,1
48,2014482763,482763,1,0,1,297,0,26,11,2014,4,4,30,1,I-37,,28.58683889,-98.2071,52,0,1,1,0,4,2,1,1,0
48,2014482764,482764,3,0,6,201,480,27,11,2014,5,21,54,5,CEDAR BAYOU LYNCHBURG,,29.77933611,-94.9857,12,6,1,1,0,1,3,1,1,1
48,2014482765,482765,1,0,1,3,0,28,11,2014,6,6,12,4,CR-2000,CR-5001,32.31285,-102.432,38,0,3,2,0,5,2,1,1,1
48,2014482766,482766,2,0,3,29,6090,28,11,2014,6,16,32,1,I-410/LOOP 410,,29.3987,-98.3894,1,0,1,1,0,1,1,1,1,0
48,2014482767,482767,1,0,1,201,0,28,11,2014,6,1,15,8,SL-8/BELTWAY 8,,29.89890833,-95.5494,20,0,5,1,0,4,3,1,1,1
48,2014482768,482768,1,0,2,219,0,28,11,2014,6,12,5,4,CR-ALAMO RD,,33.49116944,-102.35,1,0,1,1,0,4,1,1,1,0
48,2014482769,482769,2,0,2,167,6860,29,11,2014,7,17,2,8,FM 2004/MALL OF MAINLAND PKWY,CENTRAL PARK BLVD,29.41659444,-95.0312,12,2,2,3,0,1,1,1,1,1
48,2014482770,482770,2,0,2,29,6090,30,11,2014,1,18,10,5,SOUTHCROSS BLVD,,29.36803333,-98.53,12,2,1,1,0,1,3,1,1,1
48,2014482771,482771,1,0,1,423,7070,30,11,2014,1,2,29,8,FM 756 PALUXY DR,,32.254225,-95.2778,1,0,1,1,0,4,2,1,1,1
48,2014482772,482772,1,0,1,41,970,18,8,2014,2,23,49,8,FM 158 BOONVILLE RD,,30.67047778,-96.3171,33,0,1,1,0,4,3,1,1,1
48,2014482773,482773,1,0,2,439,2450,30,11,2014,1,13,29,5,LONG AVE,,32.80496389,-97.3609,33,0,1,1,0,4,1,1,1,0
48,2014482774,482774,2,0,3,13,5400,4,10,2014,7,18,27,3,SR-97,HOUSTON ST,28.96893333,-98.4779,12,6,2,2,0,1,1,1,1,0
48,2014482775,482775,1,0,2,201,6970,5,10,2014,1,7,30,7,SR-249 TOMBALL EXPY,,30.09605278,-95.6357,42,0,1,1,0,4,4,10,1,1
48,2014482776,482776,1,1,1,245,490,18,10,2014,7,23,11,5,LUCAS,PINE BURR,30.12353611,-94.1389,8,0,3,3,0,1,3,1,1,0
48,2014482777,482777,1,0,5,21,0,7,12,2014,1,9,56,8,FM 535,,30.01316111,-97.4348,1,0,1,1,0,4,1,10,1,0
48,2014482778,482778,2,0,3,469,7190,19,10,2014,1,2,12,8,BU 59 T HOUSTON HWY,,28.81856944,-96.9594,12,1,1,1,0,1,3,10,1,0
48,2014482779,482779,1,1,1,157,6660,21,10,2014,3,17,1,3,SR-6 ALVIN-SUGARLAND RD,,29.59104167,-95.6017,9,0,4,1,0,1,1,1,1,0
48,2014482780,482780,1,0,4,39,0,25,10,2014,7,0,21,3,SR-288,,28.99858611,-95.3854,1,0,19,1,0,8,3,1,1,0
48,2014482781,482781,1,1,1,439,2450,25,10,2014,7,21,48,1,I-30,,32.74799167,-97.3088,8,0,18,1,0,1,2,1,1,0
48,2014482782,482782,1,1,2,185,4830,31,10,2014,6,23,15,3,SR-6,,30.399675,-96.0725,8,0,1,1,0,1,2,1,1,0
48,2014482783,482783,1,1,1,201,3280,1,11,2014,7,0,3,5,BRAESWOOD BLVD,,29.67571667,-95.5088,9,0,1,1,0,1,3,1,1,0
48,2014482784,482784,1,0,1,113,1730,4,11,2014,3,22,50,5,LAKE HIGHLANDS DR,,32.84768611,-96.7037,33,0,1,1,0,3,3,2,1,1
48,2014482785,482785,2,0,3,367,0,4,11,2014,3,6,57,8,FM790,,32.84543333,-97.6244,12,6,1,1,0,1,2,2,1,0
48,2014482786,482786,1,1,1,201,3280,6,11,2014,5,19,41,8,FM1093 WESTHEIMER RD,,29.73552778,-95.6407,8,0,1,1,0,1,3,10,1,0
48,2014482788,482788,1,0,2,201,3280,8,11,2014,7,11,53,5,GREENS PKWY,,29.94348611,-95.4242,33,0,1,1,0,3,1,10,1,0
48,2014482789,482789,1,1,1,303,4140,8,11,2014,7,9,44,2,US-84,,33.58842778,-101.855,8,0,1,1,0,1,1,1,1,0
48,2014482790,482790,2,0,2,423,0,10,11,2014,2,12,20,2,US-69,FM346,32.20633056,-95.3177,12,6,2,2,0,1,1,1,1,0
48,2014482791,482791,1,1,1,135,5030,11,11,2014,3,20,37,3,SR-385 ANDREWS HWY,,31.93459444,-102.401,8,0,8,1,0,1,3,10,1,1
48,2014482792,482792,2,1,3,113,6001,14,11,2014,6,21,51,5,ELM GROVE,,32.95771111,-96.5282,8,0,1,1,0,1,2,1,1,0
48,2014482793,482793,1,1,1,61,940,15,11,2014,7,18,6,8,BU77Z CENTRAL BLVD,,25.94835278,-97.5062,8,0,1,1,0,1,3,2,1,0
48,2014482794,482794,1,0,1,189,0,15,11,2014,7,21,0,8,FM179,,34.110975,-101.987,59,0,1,1,0,4,2,1,1,0
48,2014482795,482795,1,1,1,113,6001,16,11,2014,1,2,47,5,MILLER RD,,32.89169444,-96.5386,8,0,1,1,0,1,2,2,1,0
48,2014482796,482796,1,0,1,291,3980,17,11,2014,2,4,52,2,US-90/SR-146,,30.056475,-94.8093,24,0,1,1,0,4,3,1,1,0
48,2014482797,482797,1,1,2,201,3280,19,11,2014,4,21,55,5,GESSNER DR,LONG POINT DR,29.79431667,-95.5448,8,0,3,2,0,1,3,1,1,0
48,2014482798,482798,2,0,2,29,6090,20,11,2014,5,22,50,1,I-410,,29.38728333,-98.3899,12,6,1,1,0,1,3,10,1,1
48,2014482799,482799,3,0,3,113,2590,20,11,2014,5,22,27,5,BUCKINGHAM RD,,32.93106389,-96.6682,33,0,1,1,0,4,3,10,1,0
48,2014482800,482800,2,0,6,21,0,21,11,2014,6,15,45,2,US-290,,30.24124444,-97.2125,12,6,1,1,0,1,1,2,1,0
48,2014482801,482801,2,0,2,145,0,21,11,2014,6,18,44,3,SR-6,,31.19814444,-96.7678,12,6,1,1,0,1,2,2,1,1
48,2014482802,482802,1,0,11,481,7410,21,11,2014,6,5,36,2,US-59 NORTH HWY,,29.27896389,-96.1361,20,0,1,1,0,3,2,2,3,0
48,2014482803,482803,1,0,2,113,1730,22,11,2014,7,5,20,1,I-35 E STEMMONS FWY,,32.85953889,-96.8911,52,0,19,1,0,8,3,2,1,1
48,2014482804,482804,3,0,6,113,5730,22,11,2014,7,13,54,5,BELT LINE RD,,32.95104444,-96.7484,12,7,1,1,0,1,1,2,1,0
48,2014482805,482805,2,0,2,201,3280,22,11,2014,7,0,37,5,KINGWOOD DR,TRAILWOOD VILLAGE DR,30.05091111,-95.2232,12,6,2,3,0,1,3,1,1,0
48,2014482806,482806,1,0,3,321,470,22,11,2014,7,6,23,5,MARTIN LUTHER KING BLVD,NILE VALLEY RD,99.9999,999.9999,59,0,3,3,0,4,2,10,1,1
48,2014482807,482807,1,0,2,309,0,22,11,2014,7,17,45,4,CR-TOWER DR,,31.30693611,-97.3077,1,0,1,1,0,4,2,2,1,1
48,2014482808,482808,1,0,1,461,0,22,11,2014,7,21,0,3,SR-349,,31.56607222,-101.962,38,0,1,1,0,5,2,1,1,1
48,2014482809,482809,2,0,2,29,6090,23,11,2014,1,10,0,8,FM 471 GRISSOM RD,,29.47916667,-98.6563,12,2,1,1,0,1,1,1,1,0
48,2014482810,482810,2,0,3,113,1730,23,11,2014,1,22,40,5,HAMPTON RD,,32.79709167,-96.8552,12,1,1,1,0,1,3,1,1,1
48,2014482811,482811,1,0,1,141,225,23,11,2014,1,3,50,1,I-10,,31.99769722,-106.583,59,0,1,1,1,4,3,1,1,1
48,2014482812,482812,2,0,2,341,0,30,11,2014,1,19,20,2,US-287,,36.00383333,-101.996,12,1,1,1,0,1,2,6,1,0
48,2014482813,482813,1,0,4,349,0,23,11,2014,1,3,49,1,I-45,,32.16635556,-96.4698,24,0,1,1,0,4,2,10,1,0
48,2014482814,482814,2,0,4,453,330,23,11,2014,1,13,6,5,BOULDER LN,,30.42848889,-97.8418,1,0,1,1,0,1,1,1,1,0
48,2014482815,482815,1,0,2,473,0,23,11,2014,1,3,15,2,US-290,,30.09675833,-96.0388,1,0,1,1,0,3,2,1,1,0
48,2014482816,482816,2,0,3,39,0,24,11,2014,2,13,35,8,FM517,CR-351,29.42975556,-95.2178,12,6,2,3,0,1,1,1,1,0
48,2014482817,482817,2,0,2,217,0,24,11,2014,2,10,0,3,SR-171 LIVE OAK,,31.99065278,-97.0353,12,2,1,1,0,1,1,1,1,0
48,2014482818,482818,2,0,6,339,0,24,11,2014,2,12,20,4,CR-GROGANS MILL RD,MILLPARK DR,30.13683056,-95.4651,1,0,2,2,1,1,1,1,1,0
48,2014482819,482819,2,0,7,453,330,24,11,2014,2,18,55,5,MCCALLEN PASS,CONTER RIDGE DR,30.41435278,-97.6635,12,6,2,3,0,1,3,10,1,0
48,2014482820,482820,2,0,2,29,0,25,11,2014,3,14,22,4,CR-FOSTER RD,,29.38608889,-98.3608,12,8,1,1,0,1,1,1,1,0
48,2014482821,482821,1,0,4,79,0,25,11,2014,3,11,20,8,FM 1169,,33.69199167,-102.818,1,0,1,1,0,4,1,1,1,0
48,2014482822,482822,8,0,9,209,6170,25,11,2014,3,15,37,1,I-35,,29.856475,-97.9536,12,1,1,1,0,1,1,1,1,0
48,2014482823,482823,1,1,1,491,0,25,11,2014,3,12,46,4,CR-387,,30.77126944,-97.4356,10,0,6,1,0,1,1,1,1,0
48,2014482824,482824,2,0,1,491,0,25,11,2014,3,15,14,2,US-79,,30.55339167,-97.4873,12,1,1,1,0,1,1,1,1,0
48,2014482825,482825,1,0,1,7,5890,26,11,2014,4,6,59,5,CHAPARRAL ST,,28.06613889,-97.0576,32,0,1,1,0,4,1,1,1,0
48,2014482826,482826,3,0,3,21,0,26,11,2014,4,14,17,3,SR-21,,30.16298889,-97.2062,12,2,1,1,0,1,1,1,1,0
48,2014482827,482827,2,0,4,71,0,26,11,2014,4,13,0,3,SR-61,CR-ALBRITTTON RD,29.85076944,-94.6276,12,6,2,3,0,1,1,1,1,0
48,2014482828,482828,3,0,4,113,2590,26,11,2014,4,9,6,5,WHITNEY DR,,32.92518611,-96.6121,12,6,1,1,0,1,1,1,1,0
48,2014482829,482829,3,0,3,463,0,26,11,2014,4,6,10,2,US-90,,29.27731111,-99.7015,12,6,1,1,0,1,2,1,1,0
48,2014482830,482830,2,0,2,475,0,26,11,2014,4,18,20,4,CR-36TH ST,,31.55445,-102.916,12,1,1,1,0,1,1,1,1,0
48,2014482831,482831,1,0,1,503,0,26,11,2014,4,21,55,2,US-380,,33.17631111,-98.7419,43,0,1,1,0,4,2,1,1,0
48,2014482832,482832,2,0,2,27,3027,27,11,2014,5,3,22,5,VERNA LEE BLVD,,31.05780833,-97.6535,12,6,1,1,0,1,3,1,1,1
48,2014482833,482833,1,0,1,113,1730,27,11,2014,5,20,27,1,I-45 JULIUS SCHEPPS FWY,,32.73395833,-96.765,25,0,19,1,0,3,3,1,1,0
48,2014482834,482834,2,0,2,201,0,27,11,2014,5,17,55,4,CR-ALDINE MAIL RD,,29.90211944,-95.3913,12,2,1,1,0,1,2,1,1,1
48,2014482835,482835,2,0,2,303,4140,27,11,2014,5,23,39,7,I-27,US-84 SLATON RD,33.53673889,-101.844,12,6,2,2,0,1,3,1,1,0
48,2014482836,482836,1,0,1,381,0,27,11,2014,5,2,45,4,CR-MCCORMICK RD,,35.07233333,-101.909,53,0,1,1,0,4,2,1,1,1
48,2014482837,482837,2,0,4,201,3280,28,11,2014,6,7,40,1,I-69 / US-59 SOUTHWEST FWY,,29.70250556,-95.5154,12,1,1,1,0,1,1,10,1,0
48,2014482838,482838,1,0,1,29,6090,29,11,2014,7,16,47,8,SL 13 MILITARY DR,,29.35668056,-98.5078,1,0,1,1,0,1,1,10,1,0
48,2014482839,482839,2,0,3,29,6090,29,11,2014,7,23,16,2,US-87 RIGSBY AVE,KAISER DR,29.39825,-98.3975,12,6,2,3,0,1,3,1,1,1
48,2014482840,482840,1,0,1,91,0,29,11,2014,7,13,8,8,FM 311,,29.85271111,-98.3714,1,0,1,1,0,4,1,1,1,0
48,2014482841,482841,1,0,1,181,1830,29,11,2014,7,1,30,8,FM 120/MORTON ST,,33.76011111,-96.5558,31,0,1,1,0,5,3,1,1,0
48,2014482842,482842,1,0,2,289,0,29,11,2014,7,23,23,3,SR-7,,31.28058056,-95.9053,32,0,1,1,0,4,3,1,1,1
48,2014482843,482843,2,0,6,359,0,29,11,2014,7,23,42,2,US-385,,35.45126111,-102.257,12,2,1,1,0,1,2,1,5,1
48,2014482844,482844,2,0,7,469,0,29,11,2014,7,18,50,2,US-87,CR-CASTILLO RD/FM 447,28.92253889,-97.0998,12,6,2,2,0,1,3,10,2,0
48,2014482845,482845,1,0,2,221,0,29,11,2014,7,12,22,3,SR-144,,32.39423056,-97.7877,32,0,1,1,0,4,1,1,1,0
48,2014482846,482846,1,0,2,491,0,29,11,2014,7,23,56,4,CR-HAIRY MAN RD,,30.52541111,-97.7203,42,0,1,1,0,4,2,10,1,1
48,2014482847,482847,1,0,1,491,0,29,11,2014,7,3,34,8,BS-195,,30.87816944,-97.7991,42,0,5,1,1,4,2,1,1,1
48,2014482848,482848,2,0,2,25,0,30,11,2014,1,21,4,2,US-181,,28.24113056,-97.6717,12,2,1,1,0,1,3,1,1,0
48,2014482849,482849,1,1,2,113,1730,30,11,2014,1,3,25,2,US-310/CENTRAL EXPY,,32.73944444,-96.7576,8,0,1,1,0,1,2,1,1,0
48,2014482850,482850,1,0,1,113,2590,30,11,2014,1,1,51,5,GARLAND AVE,,32.9775,-96.641,33,0,1,1,0,3,3,1,1,0
48,2014482851,482851,2,0,5,113,2800,30,11,2014,1,18,26,5,CARRIER PKWY,DESCO ST,32.73311944,-97.0145,12,6,2,2,0,1,3,1,1,1
48,2014482852,482852,1,0,1,161,0,30,11,2014,1,14,30,2,US-79 / 84,,31.6479,-95.7955,42,0,1,1,0,4,1,1,1,0
48,2014482853,482853,1,0,2,167,9997,30,11,2014,1,15,43,1,I-45 GULF FWY RAMP,SR-3,29.33347778,-94.9319,24,0,5,1,0,4,1,1,1,0
48,2014482854,482854,2,0,5,183,0,30,11,2014,1,16,29,1,I-20,,32.43487778,-94.9535,12,7,1,1,0,1,1,1,1,0
48,2014482855,482855,2,1,3,201,3280,30,11,2014,1,21,0,1,I-45 GULF FWY,,29.70703611,-95.3035,8,0,1,1,0,1,3,1,1,0
48,2014482856,482856,1,0,1,201,3280,30,11,2014,1,19,15,7,SL 8 SAM HOUSTON W PKWY,,29.93986111,-95.4222,33,0,19,1,0,10,3,1,1,0
48,2014482857,482857,2,1,1,217,0,30,11,2014,1,21,47,1,I-35 E,,32.09979167,-97.0171,14,0,1,1,0,2,2,1,1,0
48,2014482858,482858,2,0,2,339,0,30,11,2014,1,11,48,4,CR-OLD HOUSTON RD,,30.17223611,-95.3183,1,0,1,1,0,1,1,1,1,0
48,2014482860,482860,3,1,2,479,3899,16,6,2014,2,16,58,5,FM 3464 MILO RD,,27.60529722,-99.5163,12,6,8,1,0,1,1,1,1,0
48,2014482862,482862,2,0,2,123,7640,15,11,2014,7,2,35,3,SR-72,,28.98283611,-97.4949,12,2,1,1,0,1,3,2,1,0
48,2014482863,482863,1,0,13,215,0,26,11,2014,4,13,50,8,FM681,FM2221,26.32028889,-98.3381,1,0,3,4,1,1,1,1,1,0
48,2014482864,482864,1,1,2,215,4650,27,11,2014,5,18,38,3,SR-107 CONWAY AVE,2ND ST,26.20760278,-98.3271,9,0,2,2,0,1,3,1,1,1
48,2014482865,482865,2,0,3,61,0,28,11,2014,6,23,0,8,FM2520 SAM HOUSTON RD,,26.09062778,-97.6688,1,0,1,1,0,1,2,1,1,0
48,2014482866,482866,2,0,4,173,0,30,11,2014,1,18,40,3,SR-137,SR-158,31.888975,-101.71,12,6,2,2,0,1,3,1,2,0
48,2014482867,482867,1,0,1,201,0,30,11,2014,1,17,15,2,US-290/SR-6 NORTHWEST FWY,,30.05801111,-95.8926,1,0,1,1,0,1,1,1,1,0
48,2014482868,482868,3,0,4,29,6090,1,12,2014,2,15,53,5,CULEBRA RD,OAKHILL RD,29.45268889,-98.6125,12,1,3,2,0,1,1,1,2,0
48,2014482869,482869,1,1,1,113,1730,1,12,2014,2,19,57,8,SL12 GREAT TRINITY FOREST WAY,,32.69731111,-96.7632,8,0,1,1,0,1,3,10,1,0
48,2014482870,482870,3,0,9,143,0,1,12,2014,2,18,10,2,US-377,,32.28819444,-98.1245,18,0,1,1,0,1,6,1,1,0
48,2014482871,482871,1,0,40,215,5330,1,12,2014,2,17,39,5,LAS MILPAS RD,UNNAMED DIRT ROAD,26.11846111,-98.2145,1,0,3,3,0,4,1,1,1,0
48,2014482872,482872,1,0,1,245,490,1,12,2014,2,13,16,5,11TH,,30.05861667,-94.1293,43,0,1,1,0,5,1,3,1,0
48,2014482873,482873,1,0,1,247,0,1,12,2014,2,9,35,8,FM 1017,,27.25752222,-98.6625,1,0,1,1,0,1,1,1,1,0
48,2014482874,482874,1,0,1,303,0,1,12,2014,2,2,15,4,CR-2200 UNIVERSITY AVE,,33.48504167,-101.87,38,0,1,1,0,5,2,1,1,1
48,2014482875,482875,1,0,1,439,2450,1,12,2014,2,20,56,5,AMERICAN BLVD,,32.82979722,-97.0695,24,0,1,1,0,4,6,1,1,1
48,2014482876,482876,1,0,1,373,0,1,12,2014,2,20,5,2,US-59,,31.07454444,-94.8207,1,0,1,1,0,3,2,10,1,0
48,2014482877,482877,2,0,3,405,0,1,12,2014,2,6,6,2,US-96,,31.42188889,-94.07,12,2,1,1,0,1,2,5,1,0
48,2014482878,482878,2,0,5,453,0,1,12,2014,2,10,15,4,CR-HOKANSON RD,BECKER LN,30.09930278,-97.637,12,6,2,3,0,1,1,10,1,0
48,2014482879,482879,1,1,1,29,6090,2,12,2014,3,19,30,2,US-181,,29.30795,-98.3938,8,0,1,1,0,1,2,1,1,0
48,2014482880,482880,3,0,6,39,0,2,12,2014,3,17,30,8,FM 1462,CR-436,29.38282222,-95.2984,12,1,3,3,0,1,1,1,1,0
48,2014482881,482881,1,1,1,203,0,2,12,2014,3,4,33,2,US-80,,32.49088333,-94.1475,8,0,1,1,0,1,2,1,1,0
48,2014482882,482882,1,0,2,215,2110,2,12,2014,3,14,57,1,I-69C/US-281,,26.27707222,-98.1506,1,0,20,1,0,1,1,10,1,0
48,2014482883,482883,1,1,1,245,5430,2,12,2014,3,18,7,3,SR-82,,29.78186111,-93.9421,8,0,1,1,0,1,2,1,1,0
48,2014482884,482884,1,0,2,371,0,2,12,2014,3,12,0,2,US-67,,30.93690556,-102.598,32,0,1,1,0,4,1,1,1,0
48,2014482885,482885,1,1,1,475,0,2,12,2014,3,0,15,1,I-20,,31.44698333,-103.368,8,0,1,1,0,1,2,1,1,0
48,2014482886,482886,2,0,2,497,0,2,12,2014,3,18,50,2,US-81/287,,33.33658889,-97.6748,12,2,1,1,0,1,2,1,1,1
48,2014482887,482887,1,0,1,15,0,3,12,2014,4,17,55,4,CR-OLD HWY 36,,29.98023611,-96.2975,1,0,1,1,0,4,5,1,1,0
48,2014482888,482888,2,0,5,201,0,3,12,2014,4,15,39,7,I-45,,30.02723889,-95.4286,33,0,1,1,0,4,1,1,3,0
48,2014482889,482889,1,0,9,273,0,3,12,2014,4,9,12,2,US-77,,27.37476389,-97.8371,1,0,1,1,0,4,1,5,2,0
48,2014482890,482890,2,0,2,439,2450,3,12,2014,4,12,55,8,FM1187 RENDON CROWLEY RD,WILDCAT WAY,32.57995833,-97.3054,12,1,3,3,0,1,1,10,1,0
48,2014482891,482891,2,0,2,473,0,3,12,2014,4,16,53,2,US-290,SORSBY RD,30.127575,-96.1302,12,2,1,1,0,1,1,1,1,0
48,2014482892,482892,1,0,2,115,0,4,12,2014,5,23,1,2,US-87,,32.69273056,-101.906,1,0,1,1,0,3,2,1,2,0
48,2014482893,482893,1,0,2,165,0,4,12,2014,5,5,57,2,US-385,,32.61341111,-102.643,1,0,1,1,0,3,2,5,1,0
48,2014482894,482894,1,0,1,215,0,4,12,2014,5,0,30,4,CR-SHARP RD,,26.3056,-98.0801,31,0,1,1,0,4,3,5,1,1
48,2014482895,482895,3,0,4,273,0,4,12,2014,5,7,40,2,US-77,,27.42063056,-97.8506,12,1,1,1,0,1,4,5,1,0
48,2014482896,482896,1,0,1,283,0,4,12,2014,5,8,56,8,FM 624,,28.27706111,-99.0534,38,0,1,1,0,5,4,5,1,0
48,2014482897,482897,1,0,2,367,0,4,12,2014,5,1,45,4,CR-OLD GARNER RD,,32.80066111,-97.8707,42,0,1,1,0,4,2,10,1,1
48,2014482898,482898,1,0,1,373,0,4,12,2014,5,5,30,4,CR-LYONS CEMETERY RD,,30.90500278,-94.7684,35,0,1,1,0,4,9,99,1,0
48,2014482899,482899,1,0,2,29,6090,5,12,2014,6,1,5,2,US-87 RIGSBY AVE,,29.39942222,-98.4161,58,0,1,1,0,4,3,2,1,0
48,2014482900,482900,1,0,1,105,0,5,12,2014,6,11,26,1,I-10,,30.69881111,-101.481,1,0,1,1,0,3,1,1,1,0
48,2014482901,482901,1,0,1,113,1730,5,12,2014,6,11,26,1,I-35 E RL THORNTON FWY,,32.66337222,-96.8229,33,0,1,1,0,10,1,10,1,0
48,2014482902,482902,2,0,2,113,1730,5,12,2014,6,8,53,3,SR-289 PRESTON RD,,32.98488333,-96.8042,12,6,8,1,0,1,1,10,1,0
48,2014482903,482903,2,0,3,113,1730,5,12,2014,6,20,21,3,SR-289 PRESTON RD,,32.96493333,-96.8046,12,6,8,1,0,1,3,1,1,1
48,2014482904,482904,2,0,2,135,0,5,12,2014,6,6,20,8,FM 3472 16TH ST,TRIPP,31.83165,-102.476,12,98,3,2,0,1,2,5,1,0
48,2014482905,482905,2,0,2,179,0,5,12,2014,6,9,45,2,US-60,SR-152,35.54890278,-100.842,59,0,3,3,0,3,1,5,1,0
48,2014482906,482906,1,0,1,175,0,5,12,2014,6,16,33,8,FM 884,,28.85693611,-97.4371,58,0,1,1,0,1,1,1,1,0
48,2014482908,482908,1,1,1,329,0,5,12,2014,6,22,30,3,SR-349,,31.96591111,-102.071,8,0,1,1,0,1,2,1,1,0
48,2014482909,482909,1,0,1,393,0,5,12,2014,6,20,50,2,US-60 COMMERCIAL ST,,35.6777,-100.658,42,0,1,1,0,4,2,1,1,1
48,2014482910,482910,7,0,13,409,240,5,12,2014,6,16,3,8,BU 35 WHEELER AVE,,27.92056944,-97.1698,12,1,1,1,0,1,1,1,1,0
48,2014482911,482911,3,0,4,3,0,6,12,2014,7,8,33,3,SR-176,FM1788,32.32514722,-102.398,12,2,2,2,0,1,1,1,3,1
48,2014482912,482912,2,0,2,355,0,25,11,2014,3,17,45,3,SR-44,FM3386 MCKINZIE RD,27.78405833,-97.5721,12,6,2,2,0,1,3,1,1,0
48,2014482913,482913,4,1,2,201,530,2,12,2014,3,11,45,5,BISSONNET ST,RICE AVE,29.70761111,-95.468,12,6,2,2,0,1,1,1,1,0
48,2014482914,482914,1,0,1,27,4924,6,12,2014,7,3,25,8,SS439 7TH ST,,31.08226944,-97.609,30,0,1,1,0,4,2,1,1,0
48,2014482915,482915,3,0,9,55,0,6,12,2014,7,16,52,2,US-183,FM1185,29.95140833,-97.6734,12,6,2,2,0,1,1,1,1,0
48,2014482916,482916,2,0,2,113,2010,6,12,2014,7,0,57,5,WINDING TRL,,32.67083056,-96.8963,14,0,1,1,0,2,2,10,1,0
48,2014482917,482917,1,0,1,187,4870,6,12,2014,7,11,24,5,KLEIN MEADOWS,,29.64458889,-98.1135,33,0,1,1,0,4,1,1,1,0
48,2014482918,482918,1,0,1,209,0,6,12,2014,7,4,16,4,CR-232 REDWOOD RD,CR-266 OLD BASTROP HWY,29.83443056,-97.9289,52,0,3,2,0,4,2,1,1,1
48,2014482919,482919,2,0,7,439,6200,18,10,2014,7,8,11,2,US-199 JACKSBORO HWY,BIWAY ST,32.79905278,-97.4053,12,6,2,2,0,1,1,1,1,0
48,2014482920,482920,1,0,2,29,6090,7,12,2014,1,3,21,5,MILITARY DR,COMMERCE ST,29.43665278,-98.6327,42,0,3,4,0,4,3,1,1,1
48,2014482921,482921,3,0,3,91,4870,7,12,2014,1,18,6,1,I-35,,29.65821944,-98.1814,12,1,1,1,0,1,3,1,1,1
48,2014482922,482922,1,0,1,201,3280,7,12,2014,1,6,20,5,SHERWOOD LN,,29.814075,-95.4462,1,0,1,1,0,4,6,10,1,1
48,2014482923,482923,2,0,2,201,3280,7,12,2014,1,13,40,5,CHIMNEY ROCK RD,CAVERSHAM DR,29.67995278,-95.477,12,6,2,2,0,1,1,1,1,0
48,2014482924,482924,1,0,1,329,0,7,12,2014,1,5,50,8,BI20E,,32.01425278,-102.038,1,0,1,1,0,4,2,1,1,1
48,2014482925,482925,2,0,3,423,0,7,12,2014,1,18,40,3,SR-31,,32.37346111,-95.0302,12,6,1,1,0,1,3,1,1,1