STATE,YEAR_ST_CASE,ST_CASE,VE_TOTAL,PEDS,PERSONS,COUNTY,CITY,DAY,MONTH,YEAR,DAY_WEEK,HOUR,MINUTE,ROUTE,TWAY_ID,TWAY_ID2,LATITUDE,LONGITUD,HARM_EV,MAN_COLL,RELJCT2,TYP_INT,WRK_ZONE,REL_ROAD,LGT_COND,WEATHER,FATALS,DRUNK_DR
48,2014482926,482926,1,0,1,13,0,8,12,2014,2,6,45,3,SR-16 BLUEWIND,,29.04964167,-98.5877,59,0,1,1,0,4,4,1,1,0
48,2014482927,482927,2,1,3,303,4140,8,12,2014,2,18,14,2,US-84,,33.55671944,-101.855,9,0,1,1,0,1,3,10,1,0
48,2014482928,482928,2,0,3,355,0,8,12,2014,2,20,31,8,FM624,,27.90357778,-97.8059,12,2,1,1,0,1,2,1,2,1
48,2014482929,482929,2,0,3,373,0,8,12,2014,2,11,13,2,US-297,,30.99210556,-94.8809,12,2,1,1,0,1,1,1,1,0
48,2014482930,482930,2,0,3,423,0,8,12,2014,2,15,16,2,US-271,CR-374,32.49796111,-95.0236,12,2,3,2,0,1,1,1,2,0
48,2014482931,482931,3,0,3,439,2450,8,12,2014,2,5,20,1,I-35/NORTH FWY,,32.84748333,-97.3129,25,0,1,1,1,4,3,10,1,0
48,2014482932,482932,1,0,1,439,2450,8,12,2014,2,0,31,5,RANDOL MILL RD,,32.76511667,-97.1648,33,0,1,1,0,4,3,10,1,0
48,2014482933,482933,1,1,1,29,6090,9,12,2014,3,20,53,5,21ST ST,COMMERCE,29.42924722,-98.5385,8,0,3,2,0,1,2,10,1,0
48,2014482934,482934,3,0,3,451,0,9,12,2014,3,18,5,8,SL 306,,31.43026944,-100.373,12,1,1,1,0,1,5,10,1,0
48,2014482935,482935,2,0,3,135,0,10,12,2014,4,21,47,1,I-20,,31.87273056,-102.29,12,2,1,1,0,1,2,1,1,1
48,2014482936,482936,1,2,1,201,3280,10,12,2014,4,17,50,5,BEEKMAN PLACE DR,,29.79266667,-95.5446,8,0,1,1,0,1,3,1,1,0
48,2014482937,482937,1,0,1,201,3280,10,12,2014,4,20,5,8,FM 865 CULLEN BLVD,,29.69605278,-95.3509,42,0,1,1,0,3,3,1,1,0
48,2014482938,482938,1,1,1,493,0,10,12,2014,4,18,28,8,BU/SL 181/4TH ST,,29.15436944,-98.1765,8,0,1,1,0,2,2,10,1,0
48,2014482939,482939,1,0,1,497,0,10,12,2014,4,19,37,2,US-380,,33.24916389,-97.4352,38,0,1,1,0,5,2,10,1,1
48,2014482940,482940,2,1,2,29,6090,11,12,2014,5,6,28,8,SS 421/BANDERA RD,ASHBY PL,29.45301111,-98.5495,8,0,2,3,0,1,3,2,1,0
48,2014482941,482941,2,0,3,201,0,11,12,2014,5,21,45,1,I-45 NORTH FWY,,30.07524167,-95.4363,12,1,1,1,1,1,3,10,1,1
48,2014482942,482942,2,0,2,201,3280,11,12,2014,5,22,51,5,43RD ST,ROSSLYN RD,29.83275833,-95.4448,12,6,2,2,0,1,3,1,1,1
48,2014482943,482943,1,0,1,203,4360,11,12,2014,5,12,59,5,ROSBOROUGH SPRINGS RD,,32.51013889,-94.3772,1,0,1,1,0,4,1,10,1,0
48,2014482944,482944,1,0,1,337,0,11,12,2014,5,23,45,8,FM 2953,,33.8757,-97.67,1,0,1,1,0,4,2,10,1,1
48,2014482945,482945,2,0,3,423,0,11,12,2014,5,21,7,8,SL 323,,32.38239722,-95.2677,12,1,1,1,0,1,2,10,1,0
48,2014482946,482946,1,1,1,29,6090,12,12,2014,6,19,4,8,FM 2696 BLANCO RD,,29.54548611,-98.5082,8,0,1,1,0,1,1,1,1,0
48,2014482947,482947,1,0,1,41,970,12,12,2014,6,11,59,2,US-6/190 EARL RUDDER FWY RAMP,,30.72480278,-96.421,1,0,5,1,0,8,1,10,1,0
48,2014482948,482948,1,0,1,201,0,12,12,2014,6,11,0,8,SL 8 SAM HOUSTON PKWY,CR-TIDWELL RD,29.85325278,-95.1864,43,0,3,3,0,4,1,1,1,0
48,2014482949,482949,2,0,1,231,0,12,12,2014,6,18,6,8,FM 1903,,33.04285556,-96.1626,12,1,1,1,0,1,2,10,1,0
48,2014482950,482950,2,0,4,245,5430,12,12,2014,6,19,48,2,US-287 MEMORIAL BLVD,36TH ST,29.91131667,-93.9463,12,6,2,3,0,1,2,1,1,0
48,2014482951,482951,1,0,1,303,4140,12,12,2014,6,1,30,1,I-27,,33.59237222,-101.839,23,0,19,1,0,4,3,1,1,1
48,2014482952,482952,1,0,1,439,2450,12,12,2014,6,11,53,3,SR-199/JACKSBORO,SKYLINE DR,32.79593889,-97.3982,46,0,3,2,0,3,1,10,1,0
48,2014482953,482953,2,0,3,449,0,12,12,2014,6,7,52,3,SR-49,FM 2348,33.13808056,-94.9205,12,6,3,2,0,1,1,2,1,0
48,2014482954,482954,2,0,3,453,0,12,12,2014,6,23,57,5,JOHNNY MORRIS RD,,30.32801944,-97.626,12,6,1,1,0,1,2,1,1,0
48,2014482955,482955,1,0,1,27,0,13,12,2014,7,21,35,2,US-190,,31.11991944,-97.7684,1,0,5,1,1,8,3,1,1,1
48,2014482956,482956,1,0,3,29,0,13,12,2014,7,20,16,1,I-37,,29.17416944,-98.4276,1,0,1,1,0,3,2,1,1,0
48,2014482957,482957,1,1,1,29,6090,13,12,2014,7,0,41,1,I-35,,29.41745,-98.5021,8,0,1,1,0,1,3,1,1,0
48,2014482958,482958,4,0,5,85,0,13,12,2014,7,9,30,3,SR-78,,33.31126111,-96.3974,12,1,1,1,0,1,1,10,1,0
48,2014482959,482959,1,0,1,157,6568,13,12,2014,7,12,10,8,FM 1092/MURPHY RD,,29.64038333,-95.565,30,0,1,1,0,4,1,1,1,0
48,2014482960,482960,1,1,1,201,0,13,12,2014,7,23,45,8,FM 1960/CYPRESS CREEK PKWY,,30.02473889,-95.4139,8,0,1,1,0,1,3,10,1,0
48,2014482961,482961,2,0,3,223,6670,13,12,2014,7,10,34,3,SR-19 HILLCREST DR,FM 2285 AIRPORT RD,33.15778056,-95.6131,12,6,2,2,0,1,1,10,1,0
48,2014482962,482962,2,0,2,233,0,13,12,2014,7,15,15,3,SR-136,,35.62444444,-101.534,12,6,8,1,0,1,1,1,1,1
48,2014482963,482963,1,0,2,337,0,13,12,2014,7,0,10,8,FM 455,,33.45878611,-97.4981,1,0,1,1,0,4,2,5,2,1
48,2014482964,482964,1,0,3,349,0,13,12,2014,7,23,18,8,FM 641,,31.85040278,-96.4808,1,0,1,1,0,1,2,10,1,0
48,2014482965,482965,1,0,1,73,0,14,12,2014,1,12,25,2,US-79,,31.98991111,-95.0657,42,0,1,1,0,4,1,1,1,0
48,2014482966,482966,2,0,2,199,0,14,12,2014,1,17,49,2,US-96,OLD EVADALE HWY,30.35664722,-94.1113,12,6,3,3,0,1,2,10,1,0
48,2014482967,482967,1,0,3,201,3280,14,12,2014,1,4,3,3,SR-288 SOUTH FWY,,29.62325833,-95.3867,30,0,1,1,0,4,3,1,2,1
48,2014482968,482968,2,0,3,287,0,14,12,2014,1,18,31,3,SR-21,,30.37595,-96.8653,12,6,1,1,0,1,2,1,1,0
48,2014482969,482969,2,0,2,311,0,14,12,2014,1,20,48,3,SR-16 RIVER ST,,28.37333056,-98.5531,12,1,1,1,0,1,2,1,1,0
48,2014482970,482970,1,0,9,439,502,14,12,2014,1,4,15,3,SR-121 / TOLLWAY 183,,32.83673333,-97.1261,20,0,5,1,0,8,3,1,2,1
48,2014482971,482971,1,0,1,473,0,14,12,2014,1,11,20,8,FM 359,,29.86793333,-96.0013,23,0,1,1,0,4,1,1,1,0
48,2014482972,482972,2,0,2,493,0,14,12,2014,1,6,9,2,US-87,,29.242,-97.8751,12,6,1,1,0,1,2,10,1,1
48,2014482973,482973,1,0,1,247,3080,15,12,2014,2,14,26,5,SIGRID,,27.31237222,-98.6926,10,0,6,1,0,1,1,1,1,0
48,2014482974,482974,1,0,1,437,0,15,12,2014,2,11,25,2,US-87,,34.52508056,-101.781,23,0,1,1,0,4,1,1,1,0
48,2014482975,482975,1,0,1,457,0,15,12,2014,2,21,53,2,US-190,,30.76768056,-94.4552,1,0,1,1,0,4,2,10,1,0
48,2014482976,482976,1,1,1,29,6090,16,12,2014,3,19,35,8,FM 2252/NACOGDOCHES RD,,29.58384722,-98.3645,8,0,1,1,0,1,3,1,1,0
48,2014482977,482977,1,0,1,29,6090,16,12,2014,3,20,23,5,ST MARY ST,,29.44073333,-98.4858,33,0,1,1,0,4,3,1,1,1
48,2014482978,482978,1,1,1,183,4080,16,12,2014,3,13,58,8,SS 63/MCCANN RD,GLENCREST LN,32.508075,-94.7484,8,0,3,2,0,1,1,1,1,0
48,2014482979,482979,1,0,1,231,2860,16,12,2014,3,20,58,8,SP 302/LEE ST,,33.13623889,-96.0742,35,0,19,1,0,4,3,10,1,0
48,2014482980,482980,1,1,1,439,2450,16,12,2014,3,11,11,1,I-35W/NORTH FWY,,32.82435,-97.3128,8,0,1,1,1,1,1,10,1,0
48,2014482981,482981,1,1,1,27,3690,17,12,2014,4,19,0,8,BU-190F VETERANS MEMORIAL BLVD,,31.11831944,-97.7334,8,0,1,1,0,1,2,10,1,0
48,2014482982,482982,2,0,3,357,0,18,12,2014,5,15,55,4,CR-3,CR-25,36.25787222,-101.04,12,6,3,2,0,1,1,10,2,0
48,2014482983,482983,2,0,3,361,5100,18,12,2014,5,15,40,8,BU 90Y SIMMONS DR,NORTH AVE,30.11346667,-93.7296,12,6,8,1,0,1,1,1,1,0
48,2014482984,482984,2,0,3,453,0,18,12,2014,5,12,35,3,SR-71,,30.3193,-98.0057,12,6,1,1,1,1,1,10,1,0
48,2014482985,482985,2,0,2,329,4560,19,12,2014,6,23,5,8,SL 250,,32.04509167,-102.079,12,6,1,1,0,1,3,1,1,1
48,2014482986,482986,1,0,1,339,3280,19,12,2014,6,2,39,7,I-69/US-59 EASTEX FWY,,30.05725556,-95.2505,33,0,5,1,0,4,3,2,1,1
48,2014482987,482987,3,0,3,423,0,19,12,2014,6,23,40,3,SR-155 FRANKSTON HWY,,32.17285833,-95.4523,12,2,1,1,0,1,2,2,1,0
48,2014482988,482988,3,0,4,441,30,19,12,2014,6,17,55,2,US-83/84 WINTERS FWY,,32.41247222,-99.7746,12,1,18,1,0,1,2,2,1,0
48,2014482989,482989,1,0,1,29,0,20,12,2014,7,2,31,4,CR-SOUTHTON RD,,29.31544722,-98.4325,52,0,1,1,0,4,2,10,1,1
48,2014482990,482990,2,0,2,111,0,20,12,2014,7,7,36,2,US-385,,36.09129444,-102.509,12,2,1,1,0,1,4,5,1,0
48,2014482991,482991,2,0,1,329,4560,20,12,2014,7,2,16,5,WADLEY AVE,,32.03216944,-102.072,14,0,1,1,0,4,3,5,1,1
48,2014482992,482992,2,0,3,439,2450,20,12,2014,7,0,44,1,I-35W,,32.72566389,-97.3206,12,1,1,1,0,1,3,10,1,1
48,2014482993,482993,1,0,1,453,330,20,12,2014,7,4,35,5,DITTMAR RD,,30.18571944,-97.7994,33,0,1,1,0,4,3,10,1,0
48,2014482994,482994,1,2,1,187,6290,21,12,2014,1,21,45,8,FM466,,29.55551389,-97.9346,8,0,1,1,0,1,2,1,1,0
48,2014482995,482995,2,0,3,201,3280,21,12,2014,1,1,23,5,CENTRAL ST,,29.71014167,-95.2615,12,2,1,1,0,1,3,10,1,0
48,2014482996,482996,1,0,3,343,0,21,12,2014,1,1,18,1,I-30,,33.27374167,-94.8099,24,0,1,1,0,3,2,10,1,0
48,2014482997,482997,1,0,1,135,0,22,12,2014,2,0,10,3,SR-302,,31.88175556,-102.44,1,0,1,1,0,4,2,1,1,1
48,2014482998,482998,2,0,3,329,4560,22,12,2014,2,6,16,3,SR-349,,31.95644722,-102.248,12,6,8,1,0,1,2,1,1,0
48,2014482999,482999,1,2,2,439,2450,22,12,2014,2,0,20,8,BU287P MAIN ST,,32.84241944,-97.3608,8,0,1,1,0,1,2,10,2,0
48,2014483000,483000,1,0,1,29,6090,24,12,2014,4,3,37,1,I-35,,29.39525556,-98.509,1,0,5,1,0,4,3,1,1,1
48,2014483001,483001,4,0,2,85,5390,24,12,2014,4,4,16,5,ALMA DR,,33.0486,-96.7102,33,0,1,1,0,3,3,1,1,1
48,2014483002,483002,1,0,2,303,4140,24,12,2014,4,1,16,5,UNIVERSITY AVE,,33.55573333,-101.87,33,0,1,1,0,4,3,1,1,1
48,2014483003,483003,1,0,1,245,5430,25,12,2014,5,18,48,2,US-69/287 MEMORIAL BLVD,,29.93213611,-93.9746,3,0,1,1,0,4,2,1,1,0
48,2014483004,483004,1,0,2,215,5330,27,12,2014,7,1,36,8,BU-83 (S),,26.19850833,-98.2035,21,0,19,1,0,3,3,1,1,0
48,2014483005,483005,2,0,2,303,4140,28,12,2014,1,6,43,2,US-62 MARSHA SHARP FWY,UPLAND AVE,33.53184722,-101.975,12,1,2,2,0,1,6,1,1,1
48,2014483006,483006,2,0,2,3,180,5,9,2014,6,11,35,3,SR-176 EUNICE HWY,,32.31516667,-102.571,12,2,1,1,0,2,1,1,1,0
48,2014483007,483007,1,0,1,141,9997,14,9,2014,1,4,33,1,I-10,,31.61236389,-106.203,1,0,1,1,0,4,2,1,1,0
48,2014483008,483008,1,0,2,85,5221,19,10,2014,1,16,44,8,FM 2514 PARKER RD,,33.05512778,-96.6461,33,0,1,1,0,4,1,1,1,1
48,2014483009,483009,1,1,1,373,1560,31,10,2014,6,12,0,2,US-59 HOME ST,SR-287 SECOND ST,30.99688056,-94.8273,8,0,3,2,0,1,1,1,1,0
48,2014483010,483010,1,0,1,469,0,1,11,2014,7,2,54,8,BU-59 MOODY ST,,28.76285,-97.0812,46,0,1,1,0,4,2,1,1,0
48,2014483011,483011,1,0,2,339,0,9,11,2014,1,0,40,4,CR-CROCKETT MARTIN RD,,30.30785278,-95.3187,10,0,6,1,0,1,2,1,1,1
48,2014483012,483012,1,0,1,471,3340,14,11,2014,6,3,10,5,BROOKHOLLOW DR,,30.67208611,-95.5353,30,0,1,1,0,4,3,1,1,1
48,2014483013,483013,1,1,1,309,7210,19,11,2014,4,18,54,3,SR-6,,31.51738889,-97.2022,8,0,1,1,0,1,2,1,1,0
48,2014483014,483014,1,0,1,85,4230,20,11,2014,5,2,6,7,SAM RAYBURN TLWY,,33.15806667,-96.6462,33,0,19,1,0,8,3,10,1,1
48,2014483015,483015,1,0,2,299,0,21,11,2014,6,19,35,3,SR-29,,30.7604,-98.6207,1,0,1,1,0,4,2,2,1,1
48,2014483016,483016,2,0,3,475,0,24,11,2014,2,6,49,1,I-20,,31.57416944,-102.895,12,6,1,1,0,1,2,1,1,0
48,2014483017,483017,1,1,2,215,1970,25,11,2014,3,19,15,8,FM493,,26.19617778,-98.0384,8,0,1,1,0,1,2,1,1,0
48,2014483018,483018,1,0,1,451,6080,26,11,2014,4,3,17,8,SL306,,31.42655,-100.503,52,0,1,1,0,3,3,1,1,0
48,2014483019,483019,1,0,1,141,2190,5,12,2014,6,0,38,8,SP601,SL375,31.84118333,-106.325,25,0,19,1,0,3,3,1,1,0
48,2014483020,483020,1,1,1,141,2190,5,12,2014,6,19,47,8,FM76 NORTH LOOP DR,,31.752475,-106.377,8,0,1,1,0,1,2,1,1,0
48,2014483021,483021,1,1,2,355,1550,6,12,2014,7,2,7,8,PR 22/PADRE ISLAND DR,,27.62320556,-97.2217,8,0,1,1,0,1,3,1,1,0
48,2014483022,483022,2,0,3,451,6080,6,12,2014,7,23,54,7,US-87/BRYANT BLVD,SR-67/7TH ST,31.46752222,-100.447,12,6,2,2,0,1,3,1,1,1
48,2014483023,483023,1,0,1,219,0,7,12,2014,1,0,55,3,SR-114,,33.60183056,-102.439,42,0,1,1,0,4,2,10,1,1
48,2014483024,483024,1,1,1,141,2190,8,12,2014,2,17,34,3,SR-20/DONIPHAN DR,,31.8437,-106.581,8,0,1,1,0,1,2,1,1,0
48,2014483025,483025,1,0,1,201,3280,9,12,2014,3,15,50,8,SL-8/SAM HOUSTON PKWY,,29.93921944,-95.3331,25,0,1,1,0,3,1,1,1,1
48,2014483026,483026,1,0,1,127,0,11,12,2014,5,22,15,8,FM 2688/GATES,,28.26156944,-99.8091,38,0,1,1,0,5,2,1,1,0
48,2014483027,483027,2,0,2,135,5030,11,12,2014,5,12,5,3,SR-191/42ND ST,MCKNIGHT DR,31.88345833,-102.38,12,6,2,2,0,1,1,10,1,0
48,2014483028,483028,2,0,2,139,4570,11,12,2014,5,7,3,2,US-287/MAIN ST,PRESIDENTIAL PKWY,32.45553889,-96.936,12,6,2,2,0,1,1,1,1,0
48,2014483029,483029,4,0,5,177,2720,11,12,2014,5,15,51,2,US-90ALT,CHURCH ST,29.51904722,-97.4513,12,1,3,2,0,1,1,1,1,0
48,2014483030,483030,2,0,2,355,1550,11,12,2014,5,4,24,3,SR-358/PADRE ISLAND DR,,27.76746667,-97.4687,12,2,1,1,0,1,3,10,1,1
48,2014483031,483031,1,0,2,113,1730,12,12,2014,6,23,45,1,I-35 E RL THORNTON FWY,,32.643,-96.8231,1,0,19,1,0,8,3,1,1,0
48,2014483032,483032,1,1,2,201,3280,13,12,2014,7,2,22,7,US-59 SOUTHWEST FWY,,29.73121944,-95.41,8,0,18,1,0,1,3,1,1,1
48,2014483033,483033,2,0,4,367,0,13,12,2014,7,19,0,1,I-20 RAMP,,32.72190556,-97.5737,12,6,20,1,0,1,2,1,1,0
48,2014483034,483034,1,0,2,473,0,13,12,2014,7,1,50,4,CR-MORTON RD,,29.81598611,-95.912,32,0,1,1,0,4,2,1,1,0
48,2014483035,483035,1,0,1,201,5230,14,12,2014,1,6,49,5,FAIRMONT PKWY,,29.65015556,-95.1297,1,0,1,1,0,1,2,1,1,1
48,2014483036,483036,1,1,1,317,0,14,12,2014,1,0,10,3,SR-176,,32.30587222,-101.946,8,0,1,1,0,1,2,1,1,0
48,2014483037,483037,1,0,5,127,0,15,12,2014,2,8,49,2,US-277,,28.62620833,-100.093,32,0,1,1,0,4,1,5,1,0
48,2014483038,483038,1,0,3,165,0,16,12,2014,3,14,24,4,CR-210,,32.79936667,-103.064,1,0,1,1,0,4,1,1,1,0
48,2014483039,483039,2,0,2,251,0,15,12,2014,2,15,24,3,SR-174,,32.29964722,-97.3883,12,6,1,1,0,1,1,1,1,0
48,2014483040,483040,1,0,1,133,0,17,12,2014,4,17,55,4,CR-364,,32.19749444,-98.7285,38,0,1,1,0,5,2,2,1,1
48,2014483041,483041,2,0,4,147,6230,17,12,2014,4,9,50,2,US-82,,33.61149167,-96.3138,12,2,1,1,1,1,1,10,1,0
48,2014483042,483042,3,0,3,165,0,17,12,2014,4,7,36,3,SR-214,,32.77870833,-102.706,12,8,1,1,0,1,4,10,1,0
48,2014483043,483043,1,0,3,277,0,17,12,2014,4,14,5,8,FM 195,,33.80813333,-95.3239,42,0,1,1,0,4,1,1,1,0
48,2014483044,483044,1,0,1,289,0,18,12,2014,5,10,10,7,I-45,,31.24146944,-95.9922,42,0,1,1,0,4,1,5,1,0
48,2014483045,483045,2,0,2,363,0,18,12,2014,5,8,13,3,SR-337,,32.81938889,-98.1589,12,6,1,1,0,1,1,5,1,0
48,2014483046,483046,1,1,1,113,1730,19,12,2014,6,6,55,3,SR-289,,32.93380833,-96.8037,8,0,1,1,0,1,3,2,1,0
48,2014483047,483047,2,0,3,355,0,19,12,2014,6,15,20,4,CR-JOE FULTON CORRIDOR,,27.82580278,-97.4381,12,2,1,1,0,1,1,10,1,0
48,2014483048,483048,2,0,6,113,1730,20,12,2014,7,1,5,5,CLARK RD,CAMP WISDOM RD,32.66226944,-96.9431,12,6,2,2,0,1,3,10,1,1
48,2014483049,483049,2,0,4,393,0,20,12,2014,7,12,5,3,SR-70,,36.03479444,-100.846,12,1,8,1,0,1,1,1,1,0
48,2014483050,483050,1,0,1,395,0,20,12,2014,7,5,41,8,FM 2549,,30.87063611,-96.5108,53,0,1,1,0,4,2,10,1,1
48,2014483051,483051,1,0,1,423,0,20,12,2014,7,16,47,8,FM 16,,32.48116389,-95.1455,42,0,1,1,0,4,1,1,1,0
48,2014483052,483052,1,0,2,439,590,20,12,2014,7,0,20,1,I-20,,32.68378333,-97.4435,25,0,1,1,0,3,2,1,1,1
48,2014483053,483053,1,0,4,491,2380,20,12,2014,7,6,20,3,SR-195,,30.81171111,-97.7728,1,0,1,1,0,4,2,10,2,0
48,2014483054,483054,2,0,7,13,0,21,12,2014,1,13,42,1,I-37,,28.81656389,-98.3575,12,6,1,1,0,1,1,1,2,0
48,2014483055,483055,1,0,1,29,33,21,12,2014,1,14,30,5,STUART RD,,29.38174167,-98.2875,1,0,1,1,0,1,1,10,1,0
48,2014483056,483056,2,0,2,201,3280,21,12,2014,1,2,16,2,US-59 / SR-288,,29.73811667,-95.3675,25,0,1,1,0,3,2,1,2,1
48,2014483058,483058,1,0,1,339,0,21,12,2014,1,2,20,4,CR-WILLIS WAUKEGAN RD,,30.374225,-95.3785,53,0,1,1,0,4,2,10,1,1
48,2014483059,483059,2,0,2,431,0,21,12,2014,1,17,8,3,SR-163,,31.81847222,-100.998,12,2,1,1,0,1,1,1,1,0
48,2014483060,483060,1,0,2,477,0,21,12,2014,1,4,25,4,CR-WILLIAM PENN RD,,30.31710278,-96.2753,1,0,1,1,0,1,2,10,1,1
48,2014483061,483061,3,0,6,113,2590,22,12,2014,2,21,14,1,I-30/RL THORNTON FWY,,32.84913889,-96.5727,12,1,1,1,0,1,3,1,2,0
48,2014483062,483062,1,1,2,113,5730,22,12,2014,2,19,0,5,COIT RD,,32.96083611,-96.7691,8,0,1,1,0,1,3,1,1,0
48,2014483063,483063,2,0,2,201,480,22,12,2014,2,23,49,1,I-10,,29.81290556,-94.9372,12,2,1,1,0,1,3,1,1,1
48,2014483064,483064,1,1,1,113,1730,23,12,2014,3,6,20,5,OLD HICKORY TRL,,32.64073056,-96.8655,8,0,8,1,0,1,3,2,1,0
48,2014483065,483065,2,0,4,201,0,23,12,2014,3,17,40,4,CR-FURAY RD,CR-SHERIDAN RD,29.88536111,-95.2722,12,6,2,3,0,1,5,10,1,0
48,2014483066,483066,2,0,4,287,0,23,12,2014,3,19,9,2,US-290,,30.18651944,-97.0042,12,6,1,1,0,1,2,1,2,0
48,2014483067,483067,1,1,1,201,0,7,10,2014,3,7,40,4,CR-GULF BANK RD,,29.88926389,-95.3896,8,0,1,1,0,1,2,1,1,0
48,2014483068,483068,2,0,2,431,0,23,12,2014,3,8,42,2,US-87,,31.74820278,-100.828,12,6,1,1,0,1,1,2,1,0
48,2014483069,483069,2,0,4,439,2450,23,12,2014,3,22,33,1,I-30/EAST FWY/TOM LANDRY,,32.74963889,-97.2872,12,2,1,1,0,1,3,10,2,0
48,2014483070,483070,1,0,1,453,0,23,12,2014,3,12,4,3,SR-130,,30.14386944,-97.6627,52,0,1,1,0,3,1,10,1,0
48,2014483071,483071,2,0,5,121,1840,24,12,2014,4,14,46,1,I-35W,,33.1562,-97.1908,12,1,1,1,0,1,1,1,1,0
48,2014483072,483072,1,0,2,201,0,24,12,2014,4,21,15,4,CR-CROMWELL ST,CR-SHADY LN,29.87777778,-95.3445,24,0,3,3,0,4,2,1,1,1
48,2014483074,483074,1,0,1,201,3280,24,12,2014,4,3,53,5,BOONE RD,,29.70465,-95.5754,42,0,1,1,0,4,3,1,1,1
48,2014483075,483075,2,0,3,293,0,24,12,2014,4,8,20,3,SR-7,,31.280325,-96.4912,12,2,1,1,0,1,1,1,1,0
48,2014483076,483076,3,0,4,491,0,24,12,2014,4,18,30,3,SR-195,RONALD REAGAN BLVD,30.75498333,-97.7223,12,6,2,2,1,1,2,10,1,0
48,2014483077,483077,1,1,1,55,0,25,12,2014,5,3,45,8,FM1322,,29.84436667,-97.6502,8,0,1,1,0,1,2,1,1,0
48,2014483078,483078,1,1,1,113,1730,25,12,2014,5,1,30,1,I-35E STEMMONS FWY,,32.77776111,-96.8121,8,0,18,1,0,1,2,1,1,0
48,2014483079,483079,1,0,1,177,0,25,12,2014,5,21,50,3,SR-97,,29.58819722,-97.3578,1,0,1,1,0,4,2,1,1,1
48,2014483080,483080,1,0,2,441,30,25,12,2014,5,14,49,8,BI20R 1ST ST,,32.44975,-99.7471,42,0,1,1,0,4,1,1,2,0
48,2014483081,483081,2,0,3,71,0,26,12,2014,6,22,51,8,FM1405,,29.714375,-94.9158,12,6,1,1,0,1,2,2,1,0
48,2014483082,483082,2,0,3,73,3470,26,12,2014,6,12,6,2,US-69,,31.98956667,-95.2736,12,2,1,1,0,1,1,10,1,0
48,2014483083,483083,1,0,1,189,0,26,12,2014,6,12,29,8,FM 2881,,34.30740833,-102.024,1,0,1,1,0,4,1,1,1,1
48,2014483084,483084,1,0,3,297,0,26,12,2014,6,11,20,1,I-37,,28.59946944,-98.2175,1,0,1,1,0,4,1,10,1,0
48,2014483085,483085,1,0,3,113,1730,27,12,2014,7,22,45,8,SL12 BUCKNER BLVD,,32.72839444,-96.6832,30,0,1,1,0,4,3,10,1,0
48,2014483086,483086,1,0,1,167,3850,27,12,2014,7,4,44,1,I-45,,29.35103333,-94.9649,52,0,1,1,0,4,2,10,1,0
48,2014483087,483087,1,1,2,201,0,27,12,2014,7,20,50,8,FM529 SPENCER RD,,29.87922778,-95.6418,8,0,1,1,0,1,2,10,1,0
48,2014483088,483088,1,0,2,113,1730,28,12,2014,1,2,45,5,KIEST BLVD,,32.70477222,-96.8675,42,0,1,1,0,4,3,10,1,1
48,2014483089,483089,1,0,1,233,0,28,12,2014,1,0,30,8,FM 687 PAULINE AVE,,35.69822778,-101.534,1,0,1,1,0,1,2,1,1,1
48,2014483090,483090,1,1,1,201,0,29,12,2014,2,20,25,8,SL8 SAM HOUSTON PKWY,,29.81888333,-95.1656,8,0,1,1,0,1,2,10,1,0
48,2014483091,483091,1,0,1,201,3280,29,12,2014,2,19,50,5,EDGEBROOK DR,,29.64634722,-95.2228,40,0,1,1,0,4,2,1,1,0
48,2014483093,483093,2,0,2,201,5230,27,12,2014,7,16,52,5,BAY AREA BLVD,UNIVERSITY PARK DR,29.59470556,-95.0975,12,6,2,2,0,1,5,2,1,0