STATE,YEAR_ST_CASE,ST_CASE,VE_TOTAL,PEDS,PERSONS,COUNTY,CITY,DAY,MONTH,YEAR,DAY_WEEK,HOUR,MINUTE,ROUTE,TWAY_ID,TWAY_ID2,LATITUDE,LONGITUD,HARM_EV,MAN_COLL,RELJCT2,TYP_INT,WRK_ZONE,REL_ROAD,LGT_COND,WEATHER,FATALS,DRUNK_DR
48,2014483094,483094,2,0,8,91,0,28,12,2014,1,12,28,8,FM3009 NATURAL BRIDGE CAVERNS,,29.66960278,-98.3175,12,2,1,1,0,1,1,10,1,0
48,2014483095,483095,1,0,1,113,1730,28,12,2014,1,1,45,5,SOUTHWESTERN BLVD,,32.85720278,-96.766,42,0,1,1,0,4,3,1,1,1
48,2014483096,483096,1,0,1,29,6090,29,12,2014,2,20,15,8,SL1604,,29.60213056,-98.5482,42,0,1,1,0,4,2,1,1,1
48,2014483097,483097,1,0,1,283,0,29,12,2014,2,23,20,4,CR-LEDWIG RANCH RD,,28.60218611,-99.1896,10,0,6,1,0,1,2,1,1,0
48,2014483098,483098,3,0,4,311,0,29,12,2014,2,16,30,3,SR-16,,28.27106667,-98.5551,12,2,1,1,0,1,1,1,2,0
48,2014483099,483099,2,0,3,439,260,29,12,2014,2,17,29,5,ITTLE RD,,32.67715,-97.1969,12,6,8,1,0,1,1,1,1,1
48,2014483100,483100,1,0,1,441,30,29,12,2014,2,12,50,5,NORTH 10TH ST,,32.45981667,-99.7051,1,0,8,1,0,1,1,1,1,0
48,2014483101,483101,1,0,1,21,0,30,12,2014,3,5,18,2,US-290,,30.29712778,-97.2827,38,0,1,1,0,5,2,5,1,0
48,2014483102,483102,1,0,1,29,6090,30,12,2014,3,3,42,1,I-35,,29.41628889,-98.5027,21,0,5,1,0,4,3,1,1,1
48,2014483103,483103,1,0,1,159,0,30,12,2014,3,18,5,8,FM 1448,,32.98043056,-95.2249,42,0,1,1,0,4,2,1,1,1
48,2014483104,483104,1,1,1,329,4560,30,12,2014,3,6,56,8,BS 349/RANKIN HWY,,31.97409167,-102.075,8,0,1,1,0,1,3,10,1,0
48,2014483105,483105,1,1,1,339,0,29,12,2014,2,22,20,8,FM 1485,,30.23813611,-95.3001,8,0,1,1,0,1,2,2,1,0
48,2014483106,483106,2,0,2,419,1270,30,12,2014,3,5,27,2,US-96/SOUTHVIEW CIR,SL 500/LOOP 500,31.76690833,-94.1823,12,6,2,2,0,1,3,2,1,0
48,2014483107,483107,2,0,4,201,3280,31,12,2014,4,16,25,1,I-69/EASTEX FWY,,29.822675,-95.3355,25,0,1,1,0,3,3,10,2,0
48,2014483108,483108,1,1,1,201,3280,31,12,2014,4,20,18,5,KEMPWOOD DR,,29.82256667,-95.5429,8,0,1,1,0,1,2,1,1,0
48,2014483109,483109,1,0,1,207,0,31,12,2014,4,10,45,2,US-277/BREUSTEDT ST,,33.18928056,-99.7229,43,0,1,1,0,5,1,10,1,0
48,2014483110,483110,2,0,2,423,0,31,12,2014,4,6,50,7,I-20 SERVICE ROAD,I-20 RAMP,32.43738611,-95.1193,12,2,2,4,0,1,2,10,1,0
48,2014483111,483111,3,0,3,29,0,21,8,2014,5,3,4,1,I-35,,29.274375,-98.6785,57,0,1,1,0,3,2,10,1,1
48,2014483112,483112,1,1,1,257,6830,13,9,2014,7,1,1,3,SR-205,,32.76017778,-96.3085,8,0,1,1,0,1,2,98,1,0
48,2014483113,483113,3,0,5,141,2190,14,9,2014,1,18,8,2,US-85 PAISANO DR,,31.75643611,-106.495,99,99,1,1,0,3,1,1,1,1
48,2014483114,483114,1,0,1,439,0,14,9,2014,1,2,6,8,FM 1187 CROWLEY PLOVER RD,,32.56670556,-97.4042,34,0,1,1,0,4,2,10,1,0
48,2014483115,483115,1,1,1,201,3280,21,9,2014,1,21,19,5,LONGVIEW ST,,29.78486667,-95.2974,8,0,1,1,0,1,3,1,1,0
48,2014483116,483116,1,1,1,479,3899,1,10,2014,4,8,28,5,MALAGA DR,BURGOS ST,27.43951389,-99.4899,8,0,2,2,0,1,1,1,1,0
48,2014483117,483117,1,0,3,427,5780,26,10,2014,1,0,56,2,US-83,GARCIA'S AVENUE,26.37765833,-98.8047,42,0,3,3,0,4,3,10,1,0
48,2014483118,483118,2,0,2,141,2190,22,11,2014,7,1,55,5,EDGEMERE BLVD,TIERRA DORADA ST,31.79819444,-106.234,12,1,2,3,0,1,3,1,2,2
48,2014483119,483119,2,0,3,201,0,1,12,2014,2,14,56,8,FM 1960,CR-7100,30.00602778,-95.316,12,6,2,3,0,1,1,10,1,0
48,2014483120,483120,2,0,1,201,3280,11,12,2014,5,2,47,8,SL 8 SAM HOUSTON PKWY,,29.93900278,-95.2695,45,0,1,1,2,2,3,1,1,0
48,2014483121,483121,1,2,2,39,190,13,12,2014,7,9,14,8,BS 288 B VELSASCO ST,,29.15410278,-95.431,8,0,1,1,0,2,1,1,1,0
48,2014483122,483122,2,0,3,355,1550,15,12,2014,2,11,54,8,SS 544 AGNES ST,19TH ST,27.78688056,-97.4135,12,7,2,2,0,1,1,10,1,0
48,2014483123,483123,1,0,1,349,0,18,12,2014,5,23,0,8,FM 3383,,32.13433889,-96.5145,38,0,1,1,0,5,2,2,1,1
48,2014483124,483124,2,1,4,397,1730,26,12,2014,6,2,33,1,I-30/US-67,,32.87839722,-96.5142,12,6,1,1,0,1,2,1,2,0
48,2014483125,483125,2,0,2,81,0,27,12,2014,7,18,35,2,US-277,,31.89676667,-100.286,12,2,1,1,0,1,2,10,1,0
48,2014483126,483126,2,0,2,141,2190,27,12,2014,7,19,17,1,I-10,,31.75993611,-106.503,12,6,1,1,0,1,3,1,1,0
48,2014483127,483127,1,0,1,331,0,27,12,2014,7,19,0,3,SR-36,,30.68850833,-96.8342,52,0,1,1,0,4,2,2,1,0
48,2014483128,483128,1,0,1,361,7200,27,12,2014,7,3,5,3,SR-12,,30.16784444,-93.9434,53,0,1,1,0,4,2,10,1,0
48,2014483129,483129,2,0,3,59,1400,28,12,2014,1,10,49,1,I-20,,32.40930556,-99.4679,57,0,1,1,0,3,1,1,1,0
48,2014483130,483130,1,0,1,149,0,28,12,2014,1,22,10,8,FM 955,,29.86440556,-96.7188,1,0,1,1,0,4,2,10,1,1
48,2014483131,483131,2,0,2,425,0,30,12,2014,3,17,43,2,US-67,,32.28116944,-97.6174,12,2,1,1,0,1,5,1,1,1
48,2014483132,483132,1,0,1,145,0,31,12,2014,4,22,19,3,SR-7,,31.31955833,-96.797,1,0,1,1,0,4,2,10,1,1
48,2014483133,483133,1,0,6,307,0,31,12,2014,4,22,15,2,US-377,,31.15763056,-99.332,1,0,1,1,0,4,2,10,1,0
48,2014483134,483134,1,0,2,307,0,31,12,2014,4,19,0,4,CR-422,,31.23261111,-99.201,42,0,1,1,0,4,2,2,1,1
48,2014483135,483135,2,0,2,157,5760,19,12,2014,6,10,50,8,UA90,DAMON ST,29.58505833,-95.7536,12,6,2,2,0,1,1,2,1,0
48,2014483136,483136,2,0,4,33,0,30,12,2014,3,21,23,2,US-180,,32.74520833,-101.197,12,6,1,1,0,1,2,3,1,0
48,2014483137,483137,1,1,1,217,0,5,12,2014,6,1,8,1,I-35E,,32.07481389,-97.0594,8,0,1,1,0,1,2,2,1,0
48,2014483138,483138,1,0,4,439,2450,27,12,2014,7,1,25,1,I-820,,32.69061667,-97.2412,24,0,19,1,0,10,3,2,1,1
48,2014483139,483139,1,1,1,71,0,19,12,2014,6,23,42,7,I-10,,29.82748056,-94.8278,8,0,1,1,0,1,2,1,1,0
48,2014483140,483140,1,1,2,453,330,3,12,2014,4,19,16,5,1ST ST,,30.20005278,-97.786,8,0,1,1,0,1,2,1,1,0
48,2014483141,483141,1,1,1,201,3280,12,12,2014,6,23,1,1,I-610 SOUTH LOOP E,,29.69958611,-95.282,8,0,1,1,0,1,2,1,1,0
48,2014483142,483142,2,0,4,215,0,18,12,2014,5,19,42,8,FM 493,,26.27371667,-98.0376,12,6,1,1,0,1,2,2,1,0
48,2014483143,483143,1,0,1,41,0,30,12,2014,3,3,0,4,CR-DILLY SHAW TAP RD,,30.74071389,-96.3422,41,0,1,1,0,4,2,10,1,0
48,2014483144,483144,1,1,1,111,1720,8,11,2014,7,19,18,2,US-87 7TH ST,,36.05958611,-102.514,8,0,1,1,0,1,3,1,1,0
48,2014483145,483145,2,0,3,479,0,19,11,2014,4,1,43,1,I-35,,27.72557222,-99.4471,12,2,1,1,0,1,2,1,2,1
48,2014483146,483146,1,1,1,245,490,20,11,2014,5,22,3,2,US-90 COLLEGE,,30.06785,-94.1584,8,0,1,1,0,1,2,1,1,0
48,2014483147,483147,1,1,1,29,6090,24,11,2014,2,18,30,5,CULEBRA RD,,29.44849167,-98.5965,8,0,1,1,0,1,3,1,1,0
48,2014483148,483148,2,0,5,309,0,27,11,2014,5,21,3,4,CR-MOCKINGBIRD LN,,31.37831667,-97.2814,12,2,1,1,0,1,2,1,2,0
48,2014483149,483149,1,1,1,485,7490,29,11,2014,7,18,3,5,SHEPPARD ACCESS RD,,33.92933889,-98.5092,8,0,1,1,0,1,3,1,1,0
48,2014483150,483150,3,0,9,453,330,30,11,2014,1,3,32,5,RIVERSIDE DR,WICKERSHAM LN,30.23243611,-97.7203,12,6,2,2,0,1,3,1,1,1
48,2014483151,483151,1,1,2,71,9997,6,12,2014,7,22,19,3,SR-146,,29.816875,-94.9004,8,0,1,1,0,1,3,10,1,0
48,2014483152,483152,2,0,3,453,330,11,12,2014,5,18,31,5,RED RIVER ST,CLYDE LITTLEFIELD DR,30.283175,-97.7279,12,6,2,2,0,1,3,98,1,0
48,2014483153,483153,2,0,6,479,3899,12,12,2014,6,6,4,5,CUATRO VIENTOS RD,SIERRA VISTA BLVD,27.44534722,-99.4529,12,6,2,2,0,1,3,10,2,1
48,2014483154,483154,2,0,2,183,3680,18,12,2014,5,14,0,1,I-20RAMP,US-259,32.43252778,-94.8305,12,6,2,3,0,1,1,10,1,1
48,2014483155,483155,1,0,6,389,0,19,12,2014,6,13,45,1,I-10,,31.08793611,-104.054,1,0,5,1,0,4,1,1,1,0
48,2014483156,483156,2,0,2,135,5030,21,12,2014,1,23,30,5,DIXIE BLVD,UNIVERSITY BLVD,31.87083611,-102.369,12,2,2,2,0,1,1,1,1,0
48,2014483157,483157,1,0,1,201,3280,21,12,2014,1,0,15,7,I-610,,29.76606111,-95.4556,33,0,19,1,0,10,3,1,1,1
48,2014483158,483158,1,0,1,309,7110,21,12,2014,1,23,0,3,SR-6,,31.65205,-97.4569,32,0,1,1,0,4,2,10,1,0
48,2014483159,483159,1,0,1,367,0,21,12,2014,1,15,55,4,CR-MURLS LAKE DR,,32.78038333,-97.7529,42,0,1,1,0,4,1,1,1,0
48,2014483160,483160,1,0,2,135,5030,23,12,2014,3,6,36,2,US-385 ANDREWS HWY,,31.89487778,-102.389,43,0,1,1,0,4,3,2,1,1
48,2014483161,483161,1,0,2,317,0,26,12,2014,6,13,0,1,I-20,,32.1564,-101.716,1,0,1,1,0,10,1,1,1,0
48,2014483162,483162,1,0,1,389,0,27,12,2014,7,22,45,2,US-285,,31.74065,-103.836,1,0,1,1,0,4,2,1,1,0
48,2014483164,483164,1,0,2,109,0,30,12,2014,3,18,31,1,I-10,,31.06975,-104.373,1,0,1,1,0,4,2,5,1,0
48,2014483165,483165,1,0,4,329,0,30,12,2014,3,14,30,8,FM 1788,,31.78266111,-102.175,1,0,1,1,0,4,1,3,1,0
48,2014483166,483166,2,1,2,113,1730,20,12,2014,7,22,25,7,I-635/LYNDON B JOHNSON,,32.91715,-96.745,12,7,1,1,0,1,3,10,1,0
48,2014483167,483167,1,1,2,29,4015,2,11,2014,1,21,0,1,I-35,,29.56938056,-98.3315,8,0,1,1,0,1,2,1,1,0
48,2014483168,483168,2,0,2,491,2620,9,11,2014,1,6,17,1,I-35,,30.60679722,-97.6862,20,0,1,1,0,4,2,10,1,1
48,2014483169,483169,2,0,2,213,1424,15,11,2014,7,11,40,8,FM 3506/HIGHSAW RD,,32.16520556,-95.5167,12,2,1,1,0,1,1,10,2,0
48,2014483170,483170,1,1,2,453,330,20,11,2014,5,21,50,7,US-183/ANDERSON LN,,30.34434722,-97.7065,8,0,1,1,0,1,2,2,1,0
48,2014483171,483171,2,0,5,141,2190,22,11,2014,7,16,53,8,SL 375 WOODROW BEAN,,31.90470833,-106.549,25,0,1,1,0,4,2,1,1,1
48,2014483172,483172,2,0,3,441,30,8,12,2014,2,7,36,5,27TH ST,BUFFALO GAP RD,32.41725556,-99.7505,12,6,2,2,0,1,1,5,1,0
48,2014483173,483173,2,0,6,339,0,22,12,2014,2,15,27,7,I-45,SR-242,30.20721389,-95.4557,12,6,2,2,1,1,1,1,1,0
48,2014483174,483174,2,0,4,239,0,24,12,2014,4,9,48,3,SR-111,CR-445,28.94768333,-96.3394,12,6,2,2,0,1,1,1,1,1
48,2014483175,483175,1,2,1,135,0,25,12,2014,5,18,55,4,CR-16TH ST,,31.83598056,-102.457,8,0,1,1,0,1,2,10,2,0
48,2014483176,483176,1,0,1,183,3680,25,12,2014,5,10,33,3,SR-31,,32.40867778,-94.8497,31,0,1,1,0,4,1,1,1,0
48,2014483178,483178,1,0,4,289,1000,29,12,2014,2,7,16,1,I-45 OLD DONNIE RD,,31.46872222,-96.087,58,0,19,1,0,3,2,5,1,0
48,2014483179,483179,2,0,7,135,0,30,12,2014,3,16,30,1,I-20,,31.77199444,-102.508,12,6,1,1,0,1,1,3,1,0
48,2014483180,483180,1,0,2,215,5291,30,12,2014,3,21,38,5,TOM GILL RD,,26.26954722,-98.4416,38,0,1,1,0,5,3,2,1,0
48,2014483181,483181,1,0,2,425,0,31,12,2014,4,23,30,2,US-67,,32.25601944,-97.7195,1,0,1,1,0,4,2,2,1,1
48,2014483182,483182,1,1,1,167,2570,19,4,2014,7,11,28,8,FM 3005/SAN LUIS PASS RD,,29.15594167,-95.017,9,0,1,1,0,2,1,1,1,0
48,2014483183,483183,1,0,1,167,2570,4,5,2014,1,0,21,5,STEWART RD,,29.22708611,-94.91,42,0,1,1,0,4,3,1,1,0
48,2014483184,483184,2,0,3,167,2570,14,11,2014,6,5,46,5,STEWART RD,,29.25577778,-94.8504,12,6,1,1,0,1,4,1,2,0
48,2014483185,483185,1,1,2,201,3280,15,12,2014,2,14,30,5,FONDREN RD,SANFORD RD,29.65915833,-95.5085,8,0,3,2,0,1,1,1,1,0
48,2014483186,483186,2,0,2,113,1730,20,12,2014,7,14,45,5,ILLINOIS AVE,KIEST BLVD,32.71741389,-96.7854,12,6,3,2,0,1,1,10,1,0
48,2014483187,483187,1,0,1,439,2420,31,12,2014,4,7,17,7,I-820/SE LOOP 820,FOREST HILL DR,32.66109167,-97.2699,59,0,3,2,0,4,1,1,1,0
48,2014483188,483188,2,0,7,167,2570,22,2,2014,7,20,0,1,I-45,,29.30392222,-94.903,12,1,1,1,0,1,3,1,1,0
48,2014483189,483189,2,0,3,167,2570,26,7,2014,7,13,49,8,FM 3005/SEAWALL BLVD,,29.24643611,-94.8612,12,6,1,1,0,1,1,1,1,1
48,2014483190,483190,2,0,1,167,2570,18,8,2014,2,3,53,5,SEAWALL BLVD,,29.29870556,-94.7774,14,0,1,1,0,2,3,1,1,1
48,2014483191,483191,2,0,5,201,3280,24,12,2014,4,6,22,5,HELMERS ST,CROSSTIMBERS ST,29.828875,-95.3657,12,6,2,2,0,1,3,10,1,1
48,2014483192,483192,2,0,4,453,330,27,12,2014,7,15,42,7,SR-130,SR-71,30.195325,-97.6244,12,6,2,2,0,1,1,10,1,0
48,2014483193,483193,3,0,4,201,5230,27,10,2014,2,8,48,3,SR-225 PASADENA FWY,,29.7125,-95.1691,12,1,1,1,0,1,1,1,1,0
48,2014483194,483194,2,0,3,27,3690,23,11,2014,1,17,32,8,FM3470 STAN SCHLUETER LP,TRIMMER RD,31.07293333,-97.7404,12,6,2,2,0,1,3,10,1,0
48,2014483195,483195,2,0,5,141,2190,24,12,2014,4,1,46,7,SL375 JOE BATTLE BLVD,VISTA DEL SOL DR,31.74102778,-106.268,12,6,2,2,0,1,3,1,3,1
48,2014483196,483196,3,0,4,29,6090,1,7,2014,3,17,19,7,I-410,,29.48820556,-98.5848,12,1,1,1,0,1,1,1,1,0
48,2014483197,483197,1,1,1,201,3280,5,11,2014,4,19,30,1,I-45 GULF FWY,,29.73116389,-95.3417,8,0,1,1,0,1,3,2,1,0
48,2014483198,483198,2,0,5,439,0,1,9,2014,2,20,3,4,CR-WHITE SETTLEMENT RD,,32.7724,-97.539,12,2,1,1,0,1,5,1,1,1
48,2014483199,483199,1,0,1,329,0,30,12,2014,3,18,45,3,SR-349,,31.69539167,-102.004,1,0,1,1,0,4,2,3,1,0
48,2014483200,483200,2,0,3,21,460,29,10,2014,4,6,54,3,SR-21,,30.1106,-97.3958,12,6,7,1,0,1,3,1,1,0
48,2014483201,483201,1,1,1,451,6080,22,12,2014,2,22,0,7,US-87 BRYANT BLVD,,31.49841667,-100.478,8,0,1,1,0,99,2,1,1,0
48,2014483202,483202,3,0,1,113,1730,27,12,2014,7,18,32,5,PINE ST,,32.75465278,-96.7628,14,0,1,1,0,7,3,10,1,1
48,2014483203,483203,2,0,3,27,570,5,5,2014,2,16,13,7,US-190,CONNELL ST,31.045925,-97.4731,12,6,2,2,0,1,1,1,1,0
48,2014483204,483204,1,0,1,491,0,24,1,2014,6,10,39,8,FM 970,,30.82988333,-97.8058,34,0,1,1,0,4,1,1,1,0
48,2014483205,483205,2,0,7,373,5095,21,11,2014,6,11,0,2,US-190,FM 3186,30.81383889,-95.1055,12,1,3,3,0,1,1,10,1,0
48,2014483206,483206,2,0,3,59,1400,17,8,2014,1,14,6,7,I-20,CLACK ST,32.41568333,-99.5133,12,6,8,1,0,1,1,10,1,0
48,2014483208,483208,1,1,1,389,5280,7,3,2014,6,23,27,7,I-20 PINEHURST ST,,31.39864444,-103.49,8,0,1,1,0,1,2,10,1,0
48,2014483209,483209,1,1,1,113,1730,9,3,2014,1,1,44,1,I-30 RL THORNTON FWY,,32.79138333,-96.7392,8,0,1,1,0,1,3,1,1,0
48,2014483210,483210,2,0,2,139,4590,13,4,2014,1,19,52,2,US-77 MAIN ST,,32.12808056,-96.9443,42,0,1,1,0,4,1,10,1,0
48,2014483211,483211,1,0,4,427,5780,29,5,2014,5,1,41,2,US-83,,26.379425,-98.8901,30,0,1,1,0,4,2,1,1,1
48,2014483212,483212,1,1,1,291,1380,31,5,2014,7,4,5,8,FM 2025,,30.35354444,-95.0904,9,0,1,1,0,1,2,1,1,0
48,2014483213,483213,2,0,3,27,4924,7,6,2014,7,2,14,2,US-190,BU 190F/SPUR 439,31.07639167,-97.6064,12,2,1,1,0,1,2,1,1,1
48,2014483214,483214,2,0,3,409,6730,25,6,2014,4,13,57,8,FM 631,,99.9999,999.9999,12,2,1,1,0,1,1,10,1,0
48,2014483215,483215,1,0,1,133,5640,9,7,2014,4,2,51,1,I-20/350,,32.43841944,-98.6967,21,0,1,1,0,3,2,1,1,1
48,2014483216,483216,2,0,3,245,490,10,7,2014,5,23,53,8,SS 380 MLK PKWY,ELGIE,30.05256667,-94.0807,12,6,2,3,1,1,6,98,2,1
48,2014483217,483217,2,0,2,85,4230,17,7,2014,5,21,32,6,ELDORADO PKWY,BELAIRE DR,33.17651111,-96.6357,12,6,8,1,0,1,2,10,1,0
48,2014483218,483218,1,0,1,157,4655,24,7,2014,5,16,0,6,GESSNER RD,,29.61895,-95.5387,10,0,6,1,0,1,1,10,1,0
48,2014483219,483219,1,0,2,491,2380,29,7,2014,3,20,20,8,FM 487,,30.84433056,-97.7842,1,0,1,1,1,4,2,1,1,1
48,2014483220,483220,1,0,2,415,6440,6,9,2014,7,14,47,6,AVENUE R,,32.71441389,-100.917,5,0,1,1,0,1,1,2,1,0
48,2014483221,483221,1,1,4,167,0,7,9,2014,1,5,27,8,FM 646 BAYSHORE DR,,29.50811944,-94.9686,8,0,1,1,0,1,2,1,1,0
48,2014483222,483222,4,0,8,85,92,9,9,2014,3,15,35,2,US-75 CENTRAL EXPY,,33.08338889,-96.6836,12,1,1,1,1,1,1,1,1,0
48,2014483223,483223,2,0,2,241,3480,17,10,2014,6,12,50,8,FM 2799 HOUSTON ST,FM 777,30.91459722,-94.0245,12,2,2,3,0,1,1,1,1,0
48,2014483224,483224,1,1,1,85,4230,28,10,2014,3,16,32,2,US-380 UNIVERSITY DR,,33.21657778,-96.6347,9,0,8,1,0,1,1,1,1,0
48,2014483225,483225,1,0,2,27,6810,5,11,2014,4,23,41,3,SR-317,,31.15981111,-97.4239,32,0,1,1,0,4,2,2,1,0
48,2014483226,483226,1,1,0,355,1550,21,11,2014,6,18,46,6,CLARIDE ST,,27.67343056,-97.2827,8,0,1,1,0,1,2,1,1,0
48,2014483227,483227,1,0,1,27,6810,29,11,2014,7,17,40,1,I-35,,31.05568611,-97.4498,1,0,1,1,0,1,5,1,1,0
48,2014483228,483228,1,0,1,309,7210,6,12,2014,7,5,45,6,LAKE SHORE DR,,31.56876111,-97.1901,1,0,1,1,0,4,3,10,1,1
48,2014483229,483229,4,0,5,157,6660,8,12,2014,2,18,4,1,I-69,,29.57628611,-95.6556,12,1,1,1,0,1,3,1,1,0
48,2014483230,483230,2,0,2,453,5325,8,12,2014,2,6,44,8,FM 1825,HEATHERWILDE BLVD,30.44749167,-97.639,12,6,2,2,0,1,4,1,1,1
48,2014483231,483231,1,0,1,29,3705,11,12,2014,5,3,15,8,FM 78,GIBBS SPRAWL RD,29.47458889,-98.3813,46,0,3,2,0,4,3,2,1,1
48,2014483232,483232,1,0,1,375,150,22,3,2014,7,2,33,6,ROSS,,35.20968611,-101.814,25,0,1,1,0,4,6,98,1,1
48,2014483233,483233,1,1,1,259,740,19,4,2014,7,16,58,8,BU-87 MAIN,,29.79135556,-98.7305,8,0,1,1,0,1,1,1,1,0
48,2014483234,483234,2,0,3,213,6314,23,6,2014,2,12,1,8,FM 85 CEDAR CREEK PKWY,CHRIS CIR,32.32069444,-96.2242,12,6,2,3,0,1,1,1,1,0
48,2014483236,483236,1,0,1,29,7077,8,8,2014,6,4,18,8,SL 1604,,29.55392222,-98.3226,1,0,1,1,0,98,2,1,1,1
48,2014483237,483237,4,0,6,491,3925,11,8,2014,2,12,14,7,US-183A TOLL RD,RM 2243,30.58276667,-97.8357,12,6,2,2,0,1,1,1,2,0
48,2014483238,483238,2,0,3,167,2570,22,2,2014,7,11,11,3,SR-87 AVE J BROADWAY ST,37TH ST,29.29595278,-94.8081,1,0,2,2,0,1,1,1,1,0
48,2014483239,483239,2,0,2,85,4230,17,9,2014,4,13,41,2,US-380 UNIVERSITY DR,,33.21686389,-96.638,12,6,8,1,0,1,1,1,1,0
48,2014483240,483240,2,0,3,29,4015,21,9,2014,1,20,30,3,SR-218 PAT BOOKER RD,,29.56347778,-98.3381,12,2,18,1,0,1,3,1,1,0
48,2014483241,483241,1,1,1,39,850,16,10,2014,5,7,4,3,SR-36 BROOKS ST,,29.05046667,-95.5706,15,0,1,1,0,1,4,1,1,0
48,2014483242,483242,2,0,3,3,180,5,11,2014,4,0,23,3,SR-176,,32.31513889,-102.571,12,6,1,1,0,1,2,1,1,1
48,2014483243,483243,2,0,4,439,590,11,12,2014,5,13,48,2,US-377,,32.69176389,-97.457,12,6,1,1,0,1,1,1,1,0
48,2014483244,483244,1,0,1,113,2590,14,12,2014,1,0,32,6,WALNUT ST,,32.91676667,-96.6915,33,0,1,1,0,4,3,10,1,0
48,2014483245,483245,1,0,2,309,7210,31,12,2014,4,22,30,6,MCLAUGHLIN RD,,31.55841944,-97.2475,24,0,1,1,0,4,2,10,1,1
48,2014483246,483246,1,1,1,113,4530,12,3,2014,4,15,52,6,BELT LINE RD,PARK AVE,32.77969722,-96.5969,8,0,2,2,0,1,1,1,1,0
48,2014483247,483247,2,0,2,1,5170,18,8,2014,2,4,24,2,US-287 SPRING ST,,31.76705278,-95.6511,12,6,1,1,0,1,5,1,1,1
48,2014483248,483248,2,0,2,339,1510,25,8,2014,2,18,53,3,SR-105,,30.33591944,-95.5154,12,6,1,1,0,1,1,1,1,0
48,2014483249,483249,1,2,1,141,2190,20,11,2014,5,11,46,3,SR-20 MESA ST,,31.78139444,-106.505,8,0,1,1,0,1,1,1,2,0
48,2014483250,483250,1,0,4,427,0,7,5,2014,4,12,0,8,FM 490,,26.50281111,-98.5087,30,0,1,1,0,4,1,1,1,0
48,2014483251,483251,2,0,4,141,2190,16,10,2014,5,16,29,8,SL 478 DYER ST,BU-54 A,31.84708889,-106.443,12,2,2,3,0,1,1,1,1,0
48,2014483252,483252,2,0,2,213,300,27,11,2014,5,11,14,3,SR-19 PALESTINE ST,SL 7 JED ROBINSON LOOP,32.22689167,-95.8528,12,6,2,2,0,1,1,1,1,0
48,2014483253,483253,2,0,3,329,4560,10,12,2014,4,15,42,1,I-20,,31.96928611,-102.087,12,1,1,1,1,1,1,1,2,0
48,2014483254,483254,2,0,2,375,150,10,8,2014,1,12,13,8,FM 1719 WESTERN ST,HESTER DR,35.24133889,-101.884,12,6,2,3,0,1,1,10,1,0
48,2014483255,483255,2,0,4,209,3760,22,8,2014,6,20,56,1,I-35,,30.03203611,-97.8474,5,0,1,1,0,1,3,1,1,0
48,2014483256,483256,1,1,1,141,2190,25,5,2014,1,20,29,8,BU-54A DYER ST,,31.86811944,-106.429,8,0,1,1,0,1,2,1,1,0
48,2014483257,483257,2,1,1,141,2190,2,7,2014,4,9,12,8,FM 76 NORTH LOOP DR,,31.72143889,-106.334,14,0,1,1,0,7,1,1,1,0
48,2014483258,483258,1,0,1,113,1190,31,8,2014,1,0,34,6,JOSEY LN,,32.99251667,-96.8899,33,0,1,1,0,3,3,1,1,0
48,2014483259,483259,1,0,1,85,7620,2,10,2014,5,5,10,6,MCMILLAN RD,,33.03313611,-96.5832,3,0,1,1,0,5,2,1,1,0
48,2014483260,483260,1,1,1,141,2190,20,8,2014,4,5,46,6,LEE TREVINO DR,EDGEMERE BLVD,31.79154167,-106.323,8,0,2,2,0,1,3,1,1,0
48,2014483261,483261,3,0,1,439,2450,22,3,2014,7,0,15,6,BILGLADE RD,,32.67723611,-97.3644,14,0,1,1,0,7,3,10,1,1